Names,SIFT Scores,Coreleation Scores,EMD Scores
,,,
,,,
Aaron_Peirsol_,93174.500000,0.992959,131.923059
Aaron_Sorkin_,0.000000,0.688324,117.375925
Abdel_Nasser_Assidi_,139582.000000,0.584088,158.799961
Abdoulaye_Wade_,119056.500000,0.918702,195.727280
Abdullah_,0.000000,0.947716,152.869646
Abdullah_Gul_,141615.000000,0.832270,106.009630
Abdullah_al-Attiyah_,139341.000000,0.915950,139.392593
Abdullatif_Sener_,92574.000000,0.984529,131.019150
Abel_Pacheco_,132843.000000,1.116319,135.922403
Abid_Hamid_Mahmud_Al-Tikriti_,136601.333333,0.808839,177.237867
Adam_Sandler_,134877.000000,1.016404,133.491987
Adam_Scott_,150378.000000,0.963676,145.646824
Adel_Al-Jubeir_,128572.000000,0.989419,168.608435
Adolfo_Aguilar_Zinser_,115961.000000,0.664620,135.509378
Adolfo_Rodriguez_Saa_,133560.000000,0.683859,90.616888
Adrian_McPherson_,0.000000,0.942129,155.071558
Adrian_Nastase_,127124.000000,0.466760,136.945234
Adrien_Brody_,130949.500000,0.786444,119.207066
Ahmad_Masood_,147699.500000,0.530761,126.401955
Ahmed_Chalabi_,113633.000000,0.753206,130.212618
Ahmet_Necdet_Sezer_,140844.000000,0.906415,135.091589
Ai_Sugiyama_,135885.000000,0.531706,130.549929
Aicha_El_Ouafi_,131008.000000,1.246406,151.219091
Aitor_Gonzalez_,148114.000000,0.846374,174.411276
Akbar_Hashemi_Rafsanjani_,136839.000000,0.684788,103.609737
Akhmed_Zakayev_,57055.000000,0.689042,128.843136
Al_Davis_,146504.000000,0.817616,149.327751
Al_Gore_,117001.000000,1.006785,139.246534
Al_Pacino_,155026.500000,0.801697,136.659922
Al_Sharpton_,131710.000000,0.501995,144.185240
Alan_Ball_,0.000000,1.078899,123.603123
Alan_Greenspan_,113975.000000,0.840165,147.614979
Alan_Mulally_,0.000000,1.080947,110.245901
Alastair_Campbell_,133784.000000,0.439968,131.534475
Albert_Costa_,139916.000000,1.162336,168.734343
Alberto_Fujimori_,127566.600000,0.904704,127.419127
Alberto_Ruiz_Gallardon_,117460.500000,1.057596,129.841398
Albrecht_Mentz_,0.000000,1.081597,117.680931
Aldo_Paredes_,0.000000,0.694091,148.929411
Alec_Baldwin_,114376.000000,0.629159,136.262722
Alejandro_Atchugarry_,83873.000000,0.391940,120.508116
Alejandro_Avila_,0.000000,0.694095,148.374487
Alejandro_Toledo_,92137.666667,0.635087,130.809935
Aleksander_Kwasniewski_,130390.000000,0.824650,101.120415
Alex_Barros_,143063.500000,0.993009,146.770742
Alex_Penelas_,124729.000000,0.892765,106.839708
Alex_Sink_,134418.000000,0.883443,118.579498
Alexander_Downer_,86110.000000,0.334552,98.384581
Alexander_Losyukov_,139373.000000,0.806503,118.354128
Alexander_Rumyantsev_,110503.000000,0.948429,112.055628
Alexandra_Stevenson_,125568.000000,0.939784,160.317671
Alexandra_Vodjanikova_,101149.000000,0.376973,154.613422
Ali_Abbas_,106337.500000,1.163107,109.472567
Ali_Khamenei_,159803.000000,1.201301,122.151962
Ali_Naimi_,122299.000000,1.178339,112.316946
Alice_Fisher_,121227.000000,0.575604,141.134842
Alicia_Silverstone_,131682.333333,1.166111,129.918306
Alimzhan_Tokhtakhounov_,133789.000000,1.035963,129.600611
Alison_Lohman_,66773.000000,1.259112,114.424841
Allen_Iverson_,112271.000000,0.836242,151.964045
Allison_Janney_,111503.333333,0.805243,131.428177
Allyson_Felix_,156018.000000,1.342168,139.286898
Alvaro_Noboa_,129051.500000,0.851811,111.067085
Alvaro_Silva_Calderon_,104648.750000,0.453395,126.794455
Alvaro_Uribe_,117058.000000,1.062683,115.836216
Amanda_Beard_,145537.500000,1.192805,116.510647
Amanda_Bynes_,129050.000000,0.644535,87.499466
Amanda_Coetzer_,88149.000000,0.713014,140.534206
Amber_Tamblyn_,100881.000000,1.014634,109.004112
Amelia_Vega_,146710.500000,0.509552,104.656628
Amelie_Mauresmo_,127908.333333,0.864106,123.643696
Amer_al-Saadi_,129599.000000,1.077704,114.061150
Amram_Mitzna_,0.000000,0.906283,150.622332
Ana_Guevara_,143734.000000,0.963546,177.762302
Ana_Palacio_,111660.500000,0.684832,63.407158
Anastasia_Myskina_,0.000000,1.052473,144.254976
Anders_Ebbeson_,0.000000,0.824099,118.325134
Anders_Fogh_Rasmussen_,79432.000000,0.368519,166.938492
Andre_Agassi_,147690.000000,0.677151,150.549389
Andrei_Mikhnevich_,0.000000,1.104804,144.290442
Andrew_Bunner_,110873.000000,0.981765,111.790552
Andrew_Cuomo_,135304.000000,1.089976,98.596796
Andrew_Niccol_,155763.000000,1.153763,100.524174
Andrew_Weissmann_,112951.000000,0.745612,160.885996
Andy_Hebb_,0.000000,1.091983,81.640234
Andy_Roddick_,122446.250000,0.827726,131.032347
Angela_Bassett_,119279.666667,0.778676,182.639286
Angela_Lansbury_,121136.500000,0.691688,115.056803
Angela_Merkel_,99116.250000,0.663284,96.375378
Angelina_Jolie_,101657.500000,0.397015,99.413013
Angelo_Reyes_,124925.000000,1.174368,136.069313
Anibal_Ibarra_,128352.000000,0.746132,125.958534
Ann_Veneman_,141823.000000,0.962222,106.748522
Anna_Kournikova_,93773.500000,0.806111,111.366581
Anna_Nicole_Smith_,130894.000000,0.418190,114.557085
Anne_Krueger_,95685.000000,0.640798,127.292486
Anne_McLellan_,138456.000000,0.899989,105.051241
Anneli_Jaatteenmaki_,151004.000000,0.743195,101.252232
Annette_Bening_,146756.000000,0.853601,133.512028
Annette_Lu_,164787.666667,0.958706,73.567835
Anthony_Fauci_,143792.000000,0.916548,124.862602
Anthony_Hopkins_,124253.000000,0.743749,136.389805
Anthony_LaPaglia_,0.000000,0.470360,131.889225
Antonio_Banderas_,122622.500000,1.085296,148.857180
Antonio_Palocci_,136715.000000,1.277325,117.084337
Antonio_Trillanes_,134682.500000,0.707427,75.561029
Antony_Leung_,124239.000000,0.940205,135.678490
Anwar_Ibrahim_,0.000000,0.573261,129.061329
Arantxa_Sanchez-Vicario_,121602.000000,1.275909,183.114342
Ari_Fleischer_,109354.000000,1.216624,127.747358
Arianna_Huffington_,81670.000000,0.579297,123.818239
Ariel_Sharon_,114203.500000,0.502690,94.737398
Arlen_Specter_,112485.000000,0.692936,134.712025
Arminio_Fraga_,109942.000000,0.424228,130.072220
Arnaud_Clement_,107620.500000,0.702362,156.973776
Arnold_Palmer_,110301.000000,0.838449,134.162146
Arnold_Schwarzenegger_,131769.333333,0.554880,145.388279
Arnoldo_Aleman_,93737.000000,0.503388,133.892252
Aron_Ralston_,135194.000000,1.127237,132.666698
Arsinee_Khanjian_,113046.000000,0.991142,132.837646
Art_Hoffmann_,0.000000,0.986256,85.866371
Art_Howe_,104380.000000,0.705845,134.601124
Arturo_Gatti_,123581.000000,0.908868,150.506550
Arye_Mekel_,123648.000000,1.174616,126.925825
Asa_Hutchinson_,0.000000,0.517812,131.948673
Ashanti_,137389.000000,0.786484,128.459272
Ashton_Kutcher_,134517.500000,0.512949,135.145269
Atal_Bihari_Vajpayee_,124609.000000,1.035164,154.573921
Augustin_Calleri_,121510.500000,1.038723,177.192818
Augusto_Pinochet_,133165.500000,1.098176,141.738075
Augusto_Roa_Bastos_,0.000000,0.707782,128.940651
Aung_San_Suu_Kyi_,135140.500000,0.526966,127.966154
Azra_Akin_,124848.500000,0.721017,146.060774
Barbara_Brezigar_,103313.000000,0.511349,115.807125
Barbara_Walters_,136356.500000,0.606750,87.583075
Barbra_Streisand_,139000.666667,0.995904,126.206303
Barrett_Jackman_,129897.000000,0.366544,124.332216
Barry_Alvarez_,110240.000000,0.745849,131.660128
Barry_Zito_,78508.000000,1.127122,119.385912
Bashar_Assad_,110510.000000,0.584067,117.485165
Begum_Khaleda_Zia_,149083.000000,1.067037,139.572132
Ben_Affleck_,92808.500000,0.248802,127.772470
Ben_Curtis_,137993.000000,1.076601,110.503780
Ben_Glisan_,136257.000000,0.641490,111.628401
Ben_Howland_,131418.000000,0.767327,114.831638
Benazir_Bhutto_,105101.000000,1.371165,152.754465
Benjamin_Netanyahu_,100358.000000,1.092056,123.174721
Bernard_Landry_,93013.500000,0.734625,109.472109
Bernard_Law_,115544.000000,0.662378,113.611822
Bernard_Lord_,123110.000000,0.580044,103.253464
Bernardo_Segura_,0.000000,0.717100,169.978401
Bertie_Ahern_,155116.000000,0.680049,106.901796
Bertrand_Bonello_,137755.000000,1.021979,141.988663
Beth_Jones_,84435.000000,0.954611,142.086205
Betsy_Smith_,89570.000000,0.817636,87.680874
Bijan_Darvish_,0.000000,0.738927,148.774784
Bijan_Namdar_Zangeneh_,101221.000000,0.928281,150.904749
Biljana_Plavsic_,136776.500000,0.486307,111.651316
Bill_Belichick_,133294.000000,0.510675,140.254465
Bill_Callahan_,158854.000000,0.928520,118.594290
Bill_Clinton_,93745.000000,0.605203,138.817287
Bill_Frist_,147188.000000,1.103791,115.827488
Bill_Gates_,81060.000000,0.828094,124.492817
Bill_Graham_,115472.500000,0.777988,94.345528
Bill_McBride_,129812.666667,0.777146,127.993242
Bill_Nelson_,148300.000000,0.657957,156.598894
Bill_Parcells_,118843.666667,0.727221,136.862169
Bill_Paxton_,143491.500000,0.532168,141.865677
Bill_Simon_,82834.000000,0.455132,117.432411
Bill_Sizemore_,139505.000000,1.006589,144.184793
Billy_Crystal_,99232.000000,1.210338,115.527187
Billy_Graham_,126797.500000,0.577067,117.491072
Billy_Sollie_,124725.000000,0.881067,116.586456
Binyamin_Ben-Eliezer_,117549.000000,0.866025,146.378273
Blythe_Danner_,108446.000000,0.626434,135.294165
Blythe_Hartley_,122401.000000,0.868604,152.940496
Bo_Pelini_,171517.000000,0.619296,133.066996
Bo_Ryan_,0.000000,0.762413,113.532961
Bob_Beauprez_,0.000000,0.911779,135.784681
Bob_Colvin_,91145.000000,1.041751,91.316929
Bob_Dole_,142408.000000,0.515120,136.627003
Bob_Geldof_,75384.000000,1.067335,125.832264
Bob_Graham_,146905.500000,0.694674,147.866474
Bob_Hope_,118534.000000,0.692082,83.486156
Bob_Huggins_,122772.000000,0.702302,120.635448
Bob_Stoops_,70886.500000,0.248484,124.584450
Bobby_Goldwater_,142627.500000,0.445024,136.057413
Bobby_Robson_,165360.000000,1.102515,141.045488
Bode_Miller_,114343.000000,0.969040,115.805214
Bono_,133666.000000,0.972143,75.102133
Boris_Becker_,126434.333333,0.825714,159.630568
Boris_Berezovsky_,112528.500000,0.585199,105.092337
Boris_Yeltsin_,135956.000000,0.623256,141.842873
Brad_Garrett_,111227.500000,0.808560,146.369268
Brad_Johnson_,108482.000000,1.234982,103.137323
Branko_Crvenkovski_,138409.000000,1.090087,151.302555
Brendan_Hansen_,130508.333333,0.952840,129.758863
Brian_Cowen_,134973.666667,1.256146,64.514975
Brian_Griese_,144672.500000,0.677413,153.935102
Brian_Heidik_,108218.000000,0.898126,122.799946
Brian_Mulroney_,116372.000000,0.944017,103.447752
Brian_Wells_,0.000000,1.267952,105.011372
Bridget_Fonda_,124268.500000,1.061730,119.080933
Bridgette_Wilson-Sampras_,163102.000000,0.829707,160.359571
Brigitte_Boisselier_,103745.500000,0.922393,162.043478
Britney_Spears_,130368.000000,0.645090,127.486811
Brooke_Shields_,123476.500000,0.487263,124.021706
Bruce_Springsteen_,120891.500000,0.558456,107.323372
Bruce_Van_De_Velde_,145408.000000,0.901966,142.302902
Bruce_Weber_,165055.500000,0.901465,116.909719
Bud_Selig_,118137.500000,0.662685,116.878027
Bulent_Ecevit_,137748.000000,1.156430,113.109001
Butch_Davis_,110839.666667,0.973223,124.946711
Byron_Scott_,114785.000000,0.808745,176.984734
Calista_Flockhart_,83909.000000,0.265723,89.849253
Cameron_Diaz_,113453.000000,0.294122,122.239033
Camilla_Parker_Bowles_,0.000000,0.660074,140.970076
Candice_Bergen_,124068.000000,0.574855,129.362974
Candie_Kung_,128392.500000,0.669906,164.389160
Carl_Reiner_,126552.000000,0.402314,150.895489
Carla_Del_Ponte_,141137.000000,0.982537,99.147165
Carla_Myers_,103088.000000,0.807585,99.985329
Carlo_Ancelotti_,117643.000000,0.958588,167.465956
Carlos_Bianchi_,146413.000000,0.801930,149.389130
Carlos_Ghosn_,172393.000000,1.080325,120.718060
Carlos_Manuel_Pruneda_,130283.000000,0.912208,112.911383
Carlos_Menem_,99899.000000,0.966895,126.738506
Carlos_Mesa_,85093.000000,0.740055,116.992811
Carlos_Moya_,133473.000000,0.621314,144.386724
Carlos_Ortega_,69854.333333,0.441381,154.498352
Carlos_Quintanilla_Schmidt_,0.000000,0.857192,150.703726
Carlos_Ruiz_,139009.000000,0.533201,141.080008
Carlos_Vives_,82223.500000,0.574058,101.018007
Carly_Fiorina_,108489.000000,0.436961,116.979296
Carmen_Electra_,151925.000000,0.756103,137.417721
Carol_Burnett_,131698.000000,0.440404,117.699966
Carol_Moseley_Braun_,0.000000,0.702456,135.652796
Carolina_Kluft_,61809.000000,1.259988,141.473883
Carolina_Moraes_,0.000000,1.239251,127.772545
Caroline_Kennedy_,110929.000000,0.886100,139.775913
Carolyn_Dawn_Johnson_,87317.000000,0.695719,143.031528
Carrie-Anne_Moss_,94378.000000,0.988704,123.465952
Carson_Daly_,128654.600000,0.329412,127.852278
Carson_Palmer_,166004.000000,1.167689,110.334021
Cate_Blanchett_,118036.666667,0.439247,80.296867
Catherine_Deneuve_,118478.500000,0.542436,134.755362
Catherine_Zeta-Jones_,137525.000000,0.270856,122.365767
Cathy_Freeman_,147831.500000,0.876713,137.543600
Cecilia_Bolocco_,111162.666667,0.342068,143.985451
Celine_Dion_,147442.500000,0.631126,128.142361
Celso_Amorim_,129194.000000,0.594615,88.804428
Cesar_Gaviria_,150724.000000,0.646850,130.198643
Cesar_Maia_,136829.000000,0.941473,135.107140
Chakib_Khelil_,96878.000000,0.332240,82.854162
Chan_Gailey_,133188.500000,1.231363,141.740351
Chanda_Rubin_,116367.000000,0.615999,168.855886
Chang_Dae-whan_,140612.000000,0.905097,81.438509
Charles_Bronson_,81380.000000,1.144359,121.739267
Charles_Grassley_,0.000000,0.690642,157.679611
Charles_Kartman_,0.000000,0.904627,140.023703
Charles_Mathews_,110294.000000,1.435759,117.205151
Charles_Moose_,154654.000000,1.073257,184.186029
Charles_Schumer_,0.000000,0.743865,153.907917
Charles_Taylor_,94274.000000,0.289387,110.500927
Charlie_Zaa_,140132.000000,0.829726,137.891405
Charlotte_Rampling_,124407.000000,1.081257,134.179962
Charlton_Heston_,121978.000000,0.343165,139.961216
Chen_Liang_Yu_,104397.500000,1.119063,95.285612
Chen_Shui-bian_,115334.000000,0.652494,107.892799
Cherie_Blair_,123415.000000,0.544745,109.417330
Chick_Hearn_,129937.800000,0.776144,94.549843
Chita_Rivera_,128588.500000,0.594685,115.907104
Choi_Sung-hong_,143534.000000,1.086736,109.978329
Chok_Tong_Goh_,144629.000000,0.933861,108.849531
Chris_Bell_,0.000000,0.872560,119.686605
Chris_Byrd_,147395.000000,1.050558,163.718874
Chris_Cooper_,0.000000,0.813117,90.622116
Chris_Rock_,0.000000,0.685431,157.874187
Chris_Tucker_,156380.000000,0.618932,187.957758
Christian_Fittipaldi_,114483.000000,0.838266,160.781782
Christian_Longo_,115019.500000,0.457182,140.422335
Christian_Wulff_,128548.500000,0.795801,68.130629
Christina_Aguilera_,150590.000000,0.765840,104.665474
Christine_Baumgartner_,138549.000000,0.593676,122.151937
Christine_Ebersole_,150470.000000,0.741807,125.945759
Christine_Gregoire_,104927.000000,0.442844,90.035069
Christine_Todd_Whitman_,165561.000000,0.920283,111.664190
Christopher_Patten_,115596.000000,0.494448,120.832438
Christopher_Reeve_,0.000000,0.495324,136.762117
Christopher_Walken_,148402.000000,0.911661,116.421537
Chuck_Amato_,101512.000000,0.817051,108.997177
Chuck_Yeager_,0.000000,1.183766,153.006119
Chung_Mong-hun_,112088.000000,1.581179,101.607769
Chung_Mong-joon_,117294.000000,0.833718,113.555067
Cindy_Crawford_,144053.000000,0.610393,135.245546
Cindy_Margolis_,156583.000000,1.030670,138.087477
Ciro_Gomes_,135712.000000,1.023288,178.254295
Claire_Danes_,130536.333333,0.413320,126.936380
Claire_Hentzen_,106427.000000,1.166351,146.762247
Claire_Leger_,133999.000000,0.910863,119.697912
Clara_Harris_,120027.500000,0.618143,129.531284
Clare_Short_,136892.000000,1.040621,128.865055
Claudia_Pechstein_,86781.000000,0.904887,123.810955
Claudia_Schiffer_,143681.000000,0.771897,93.846073
Clay_Aiken_,121828.000000,0.435689,115.566832
Clint_Eastwood_,112067.000000,0.470003,101.932568
Colin_Farrell_,125992.000000,0.357644,101.260511
Colin_Jackson_,136781.000000,1.380854,183.060059
Colin_Montgomerie_,124829.000000,1.054493,77.064486
Colin_Powell_,115545.000000,0.402844,128.193127
Conan_OBrien_,87065.333333,0.388354,113.106318
Conchita_Martinez_,146953.000000,0.680414,126.111464
Condoleezza_Rice_,77992.000000,1.026472,120.786438
Constance_Marie_,139337.000000,0.487621,164.871483
Coretta_Scott_King_,105465.000000,0.532290,145.690271
Corinne_Coman_,148155.000000,0.572162,132.964266
Costas_Simitis_,125438.500000,1.070119,133.697510
Courtney_Love_,118272.500000,0.971543,107.665413
Cristina_Fernandez_,121631.000000,1.166697,106.597651
Cristina_Saralegui_,115994.200000,0.371222,99.922876
Cruz_Bustamante_,109479.000000,0.832301,113.281538
Cyndi_Thompson_,147847.000000,0.871526,136.028349
Dai_Bachtiar_,145218.000000,0.810583,153.207682
Daisy_Fuentes_,133353.666667,0.818397,129.337938
Dalai_Lama_,134383.000000,0.923538,125.037096
Dale_Earnhardt_Jr_,173239.000000,0.738807,111.057861
Damon_van_Dam_,127486.000000,0.461821,99.352177
Dan_Morales_,97027.000000,0.759900,128.283335
Dan_Wheldon_,138626.500000,0.874357,150.861233
Daniel_Day-Lewis_,108343.000000,0.990100,98.273087
Daniel_Radcliffe_,130083.000000,0.885961,123.325497
Daniela_Hantuchova_,104978.000000,0.886636,125.412529
Darrell_Issa_,140569.333333,0.921361,102.568243
Darrell_Porter_,114920.500000,0.567645,101.965343
Darren_Clarke_,0.000000,0.792532,141.085562
Daryl_Hannah_,0.000000,0.431110,101.576845
Dave_Campo_,146102.750000,0.756163,120.663807
David_Anderson_,117003.500000,0.509095,155.124605
David_Beckham_,110429.500000,0.231237,125.828823
David_Bell_,172975.000000,0.833447,141.265251
David_Caraway_,151857.000000,0.378235,133.368952
David_Caruso_,121538.333333,0.264663,133.098768
David_Coulthard_,114369.000000,1.020403,145.224867
David_Dodge_,150368.500000,0.874287,122.277727
David_Heyman_,0.000000,0.937522,108.103712
David_Heymann_,86805.333333,0.532163,110.929914
David_Hyde_Pierce_,74585.000000,0.582959,127.926086
David_Kelley_,118103.000000,0.965524,135.698132
David_Leahy_,129670.000000,0.644119,141.028822
David_Myers_,105770.000000,0.794349,132.802347
David_Nalbandian_,160796.000000,1.474825,135.910082
David_Spade_,0.000000,0.879829,139.145060
David_Stern_,97769.000000,0.809876,113.578358
David_Trimble_,75792.000000,0.703955,114.331308
David_Wells_,141120.000000,1.303875,140.500057
David_Wolf_,104087.500000,0.449204,122.339508
Dean_Barkley_,142192.000000,1.242022,127.217607
Debbie_Reynolds_,121249.333333,0.485784,97.273775
Debra_Brown_,106524.000000,0.376308,103.028049
Debra_Messing_,124990.000000,1.049767,103.690475
Demetrius_Ferraciu_,104761.000000,0.815322,128.904543
Demi_Moore_,84320.333333,0.182803,120.012394
Denise_Johnson_,132663.000000,0.832186,169.105907
Dennis_Erickson_,98544.000000,0.695383,131.812836
Dennis_Hastert_,133325.333333,0.451364,143.832376
Dennis_Kozlowski_,156736.000000,0.836245,79.094370
Dennis_Kucinich_,129708.000000,0.891841,97.482248
Dennis_Powell_,106487.000000,0.499572,120.987358
Denzel_Washington_,144787.500000,0.635833,139.541883
Derek_Jeter_,144736.000000,0.977070,124.388779
Derek_Lowe_,143000.000000,0.947775,144.697208
Desiree_Lemosi_,124559.666667,1.010422,129.241499
Dexter_Jackson_,134182.250000,0.718932,154.603760
Diana_Krall_,125792.000000,1.181090,124.758295
Diana_Munz_,109746.000000,1.070666,156.419626
Diana_Taurasi_,119018.000000,0.423769,156.476368
Diane_Green_,104033.000000,0.843189,95.402952
Dianne_Feinstein_,115467.000000,1.085882,118.597517
Dick_Cheney_,116597.000000,1.077901,82.984804
Dick_Clark_,143409.000000,0.853805,98.155893
Dick_Latessa_,136247.000000,0.757992,94.140741
Dick_Vermeil_,183262.000000,0.964226,173.811380
Dino_de_Laurentis_,126761.500000,0.883760,116.756081
Dolly_Parton_,0.000000,1.043687,150.951347
Dolma_Tsering_,90961.000000,0.184075,127.553707
Dominik_Garcia-Lorido_,116168.500000,0.920720,111.924425
Dominique_de_Villepin_,70762.000000,0.811984,158.983946
Don_Nickles_,0.000000,0.816522,139.749460
Don_Siegelman_,135574.000000,0.915074,140.259874
Donald_Evans_,102987.500000,0.571499,119.297218
Donald_Fehr_,99706.000000,0.778008,143.781836
Donald_Pettit_,102361.000000,0.379090,127.542482
Donald_Rumsfeld_,105647.000000,0.562796,80.626163
Donatella_Versace_,0.000000,0.748973,114.696648
Donna_Shalala_,0.000000,0.997863,131.276745
Doris_Roberts_,85327.500000,0.961185,96.260777
Doris_Schroeder_,146829.500000,0.633656,125.786472
Dorthy_Moxley_,0.000000,0.774903,130.454449
Doug_Collins_,111583.000000,0.266582,132.823521
Doug_Duncan_,114916.500000,0.572788,143.088024
Doug_Melvin_,76069.000000,0.528189,127.537846
Drew_Barrymore_,84775.000000,0.360418,117.236883
Duane_Lee_Chapman_,130301.000000,0.745187,96.114988
Dwayne_Johnson_,128094.000000,0.422958,171.022205
Ed_Rosenthal_,138080.000000,1.320705,120.276356
Ed_Smart_,140468.000000,0.462344,119.359318
Eddie_Sutton_,123616.000000,0.744170,111.739573
Eddy_Merckx_,146586.000000,1.290280,116.474001
Edie_Falco_,66061.000000,0.285670,109.951719
Edmund_Hillary_,104788.000000,1.023537,105.895510
Edmund_Stoiber_,110479.000000,0.873817,126.210327
Eduard_Shevardnadze_,113357.000000,0.582450,124.596834
Eduardo_Duhalde_,99965.000000,0.396102,119.681110
Edward_James_Olmos_,143058.500000,0.878646,103.171745
Edward_Kennedy_,0.000000,0.967280,141.154652
Edward_Lu_,121789.500000,1.051767,98.352419
Edward_Norton_,146021.000000,1.046764,87.497023
Edward_Said_,0.000000,0.875785,133.073648
Edwin_Edwards_,161123.500000,0.673559,129.070271
Edwina_Currie_,59970.000000,0.539713,96.344923
Eileen_Coparropa_,85273.500000,0.333872,141.758163
Elena_Bovina_,115405.000000,1.061792,114.525688
Eliane_Karp_,116312.000000,0.585575,128.553610
Elijah_Wood_,125998.000000,0.671764,145.283804
Elin_Nordegren_,135401.500000,0.740282,112.885132
Elinor_Caplan_,127743.500000,0.861120,137.200403
Elisabeth_Schumacher_,119480.000000,1.190583,116.253733
Elizabeth_Dole_,140862.000000,0.327526,98.897728
Elizabeth_Hurley_,99463.500000,0.242959,137.515141
Elizabeth_Shue_,84769.000000,1.081169,103.566727
Elizabeth_Smart_,128965.333333,0.611629,132.678875
Elizabeth_Taylor_,118497.333333,0.714081,87.974970
Ellen_DeGeneres_,127916.000000,0.495934,106.229696
Ellen_Engleman_,97238.000000,0.407220,131.863737
Elsa_Zylberstein_,149076.500000,0.688731,153.731945
Elton_John_,124459.000000,0.802774,93.430784
Elvis_Presley_,0.000000,0.803042,75.558756
Emanuel_Ginobili_,125674.000000,0.735994,126.660170
Emile_Lahoud_,0.000000,1.036975,145.636797
Emily_Robison_,0.000000,0.383364,158.978588
Emma_Thompson_,93638.200000,0.901879,107.397293
Emma_Watson_,97790.666667,0.346759,102.905956
Emmanuelle_Beart_,110214.000000,0.687173,121.454742
Emmit_Smith_,0.000000,0.706218,178.710653
Enrique_Bolanos_,139506.000000,0.759743,152.052601
Eric_Clapton_,101328.000000,1.293298,93.758596
Eric_Hinske_,116543.500000,0.526649,157.689791
Eric_Robert_Rudolph_,136517.000000,0.722601,156.883736
Eric_Rosser_,0.000000,0.655096,114.383665
Erik_Morales_,101669.500000,0.548898,133.914240
Erika_Christensen_,98949.000000,0.857776,108.044985
Erika_Harold_,122765.500000,0.892567,134.710823
Erin_Runnion_,80903.000000,1.191054,148.726978
Ernesto_Zedillo_,141173.500000,0.746464,101.391415
Ernie_Els_,139767.500000,0.917079,111.584188
Ernie_Eves_,110388.000000,0.708989,108.025669
Ernie_Fletcher_,141013.500000,1.083481,137.188225
Ethan_Hawke_,140547.000000,1.332771,115.182226
Eunice_Barber_,131298.000000,1.240434,182.263172
Eva_Dimas_,153687.000000,0.776109,143.122555
Evan_Rachel_Wood_,118374.000000,0.345175,112.134491
Evander_Holyfield_,118533.500000,0.874317,138.139372
Eve_Pelletier_,0.000000,0.796411,156.981775
Fabiola_Zuluaga_,0.000000,1.162886,145.453894
Fabrice_Santoro_,106810.000000,0.362000,156.869020
Farouk_al-Sharaa_,126635.000000,1.068728,132.729681
Faye_Dunaway_,115987.333333,0.489046,119.484512
Fayssal_Mekdad_,149352.000000,1.146272,136.161396
Federico_Trillo_,155643.000000,1.141113,118.598434
Felipe_Perez_Roque_,126321.000000,0.468570,130.469374
Felix_Mantilla_,0.000000,1.089646,151.734957
Ferenc_Madl_,123674.000000,0.724462,84.748674
Fernando_Gonzalez_,160990.000000,0.718198,156.372561
Fernando_Henrique_Cardoso_,138990.000000,1.010655,123.095846
Fernando_Vargas_,134905.000000,0.763806,149.792446
Fidel_Castro_,88897.000000,0.400695,131.109320
Filippo_Inzaghi_,122484.333333,0.736621,175.175301
Flavia_Delaroli_,111543.000000,0.499448,135.574760
Flor_Montulo_,99225.333333,0.343891,112.860781
Fran_Drescher_,153667.000000,0.858834,134.827139
Frances_Fisher_,0.000000,0.622332,124.450842
Francis_Ford_Coppola_,131317.000000,0.529263,115.219177
Francis_George_,126294.666667,0.389790,124.198902
Francis_Mer_,155598.000000,0.820311,122.114647
Francisco_Flores_,133605.000000,0.472528,127.362431
Franco_Dragone_,146478.500000,0.794886,100.812366
Frank_Cassell_,135341.500000,0.829983,120.878798
Frank_Dunham_Jr_,152653.666667,0.753455,119.468298
Frank_Griswold_,100919.000000,0.754008,124.251225
Frank_Lautenberg_,131629.000000,0.915739,120.573172
Frank_Solich_,122249.000000,0.693051,129.101202
Frank_Stallone_,87745.000000,0.809754,104.174372
Franko_Simatovic_,110372.000000,0.795420,146.517946
Franz_Beckenbauer_,117187.000000,0.970404,157.028980
Franz_Fischler_,109993.000000,1.383601,139.967039
Franz_Muentefering_,120045.000000,1.215675,71.720058
Fred_Eckhard_,114022.666667,0.797190,105.305696
Fred_Funk_,110039.000000,0.902100,154.797716
Fred_Thompson_,147689.000000,0.720188,169.075893
Freddy_Garcia_,122690.500000,0.996113,109.774824
Fujio_Cho_,89507.000000,0.853499,132.073769
GL_Peiris_,140301.000000,0.412802,105.056791
Gabriel_Batistuta_,102274.000000,0.794201,161.907883
Gabriel_Valdes_,0.000000,1.223048,148.234135
Gao_Qiang_,0.000000,0.755326,113.741467
Garry_Kasparov_,0.000000,0.980997,105.310421
Garry_Trudeau_,127139.000000,0.260875,137.279924
Gary_Bergeron_,50541.000000,1.039435,105.578203
Gary_Carter_,91773.000000,0.615022,133.985161
Gary_Doer_,111430.000000,0.955917,155.457100
Gary_Forsee_,119692.000000,1.158361,116.680542
Gary_Locke_,0.000000,0.506137,133.234371
Gary_Williams_,122865.750000,0.865031,120.042305
Gary_Winnick_,78179.000000,0.935663,130.666796
Gene_Robinson_,77957.000000,0.523349,126.417902
Geno_Auriemma_,0.000000,0.934066,119.090517
Geoff_Hoon_,138800.000000,1.010151,124.665638
George_Brumley_,81782.000000,0.542197,137.470470
George_Clooney_,153716.500000,0.448153,83.083328
George_Foreman_,154895.000000,0.753039,169.269361
George_Galloway_,141714.000000,0.538763,104.241129
George_HW_Bush_,120821.000000,1.247668,49.946604
George_Karl_,150914.000000,0.626311,113.066065
George_Lopez_,129747.500000,0.772932,129.426481
George_P_Bush_,101922.000000,1.256520,103.467703
George_Papandreou_,120792.000000,0.577534,105.125597
George_Pataki_,141951.000000,0.821700,122.795162
George_Robertson_,86378.000000,1.043658,83.022316
George_Roy_Hill_,109288.000000,1.112703,172.508530
George_Ryan_,119787.500000,1.197698,127.443083
George_Tenet_,0.000000,0.652715,152.595940
George_Voinovich_,80011.000000,1.027330,152.362568
George_W_Bush_,128956.500000,0.782557,106.551598
Georgi_Parvanov_,95914.000000,0.526970,133.481693
Geraldine_Chaplin_,96293.000000,1.062143,138.785015
Gerard_Depardieu_,0.000000,0.830115,139.667812
Gerardo_Gambala_,0.000000,0.905429,136.553942
Gerhard_Schroeder_,141622.750000,0.464856,149.215097
Gerry_Adams_,121389.000000,0.779346,140.187628
Gerry_Parsky_,114112.000000,1.145253,148.089375
Gian_Marco_,117525.000000,0.363255,137.399414
Gianna_Angelopoulos-Daskalaki_,97132.500000,0.244127,114.786747
Gil_de_Ferran_,155979.000000,0.834290,168.733206
Gilberto_Rodriguez_Orejuela_,115691.500000,0.386516,112.649078
Gillian_Anderson_,126351.000000,0.924230,88.717455
Gisele_Bundchen_,122150.000000,0.694075,100.500805
Giuseppe_Gibilisco_,168779.000000,0.894654,126.773983
Glafcos_Clerides_,147123.000000,0.461583,123.655100
Gloria_Allred_,125023.000000,1.034818,114.720442
Gloria_Macapagal_Arroyo_,116290.500000,0.857845,101.591345
Gloria_Trevi_,113055.333333,0.649710,121.551729
Goh_Kun_,160923.000000,1.004703,98.201324
Goldie_Hawn_,123957.000000,1.185493,129.905407
Gonzalo_Sanchez_de_Lozada_,125876.000000,1.073659,84.645557
Goran_Persson_,142726.000000,0.861379,122.178497
Gordon_Brown_,125990.000000,0.448152,125.700409
Gordon_Campbell_,130539.000000,1.004655,110.853363
Grady_Irvin_Jr_,107778.000000,0.958941,165.949074
Grant_Hackett_,122371.000000,1.384548,132.926676
Gray_Davis_,133489.000000,0.656943,121.449427
Greg_Gilbert_,0.000000,0.589872,113.733576
Greg_Ostertag_,122344.000000,0.792569,102.946384
Greg_Owen_,149914.000000,1.231954,115.095539
Greg_Rusedski_,112604.500000,1.022603,147.614933
Gregg_Popovich_,126534.000000,1.279173,149.592419
Gregory_Geoffroy_,102230.000000,0.926323,125.177502
Gregory_Hines_,132957.666667,1.106287,152.025105
Gro_Harlem_Brundtland_,102422.000000,0.379511,91.657146
Guido_Westerwelle_,152465.500000,0.722697,109.054001
Guillaume_Soro_,138471.666667,0.713142,194.253746
Guillermo_Canas_,115986.000000,1.390605,128.223785
Guillermo_Coria_,110252.333333,1.116546,180.224632
Guillermo_Ortiz_,0.000000,0.680004,121.359804
Gunter_Pleuger_,154628.000000,0.917187,136.643732
Gus_Van_Sant_,0.000000,0.536908,146.077332
Gustavo_Kuerten_,132295.000000,0.576850,152.676018
Guy_Hemmings_,0.000000,1.066065,130.828819
Guy_Ritchie_,85546.428571,0.208719,124.967297
Gwendal_Peizerat_,131393.000000,0.767350,140.707518
Gwyneth_Paltrow_,134343.000000,0.501036,101.089081
Habib_Rizieq_,122466.000000,1.057335,155.961033
Hal_Gehman_,101381.000000,1.061350,142.140459
Hal_Sutton_,0.000000,0.976372,142.148998
Halle_Berry_,111876.000000,0.874867,116.750017
Hamid_Karzai_,176602.000000,0.667791,140.001415
Hamzah_Haz_,124453.500000,0.524676,122.534639
Hanan_Ashrawi_,0.000000,0.666258,124.208378
Hannah_Stockbauer_,133014.000000,0.953586,134.937597
Hans_Blix_,137962.000000,0.916135,108.998072
Hans_Eichel_,128737.500000,0.982165,74.471172
Harbhajan_Singh_,144998.000000,0.760767,163.858696
Harrison_Ford_,113365.000000,0.470674,118.633873
Harry_Belafonte_,136416.000000,0.672169,174.796082
Harry_Kalas_,0.000000,0.757651,115.982845
Harry_Schmidt_,146183.666667,0.943903,110.119772
Harvey_Weinstein_,125249.000000,0.792741,96.232630
Hashim_Thaci_,98416.000000,0.940196,137.496618
Hassan_Nasrallah_,93159.000000,0.995453,173.484535
Hassan_Wirajuda_,120514.000000,1.212965,91.797663
Hayley_Tullett_,132250.000000,0.911482,150.684660
Heath_Ledger_,72965.000000,0.414292,147.743181
Heather_Mills_,104443.000000,0.530888,85.095587
Hector_Babenco_,125803.500000,0.907124,124.516081
Hee-Won_Han_,88949.000000,1.345680,152.525873
Heidi_Fleiss_,111252.000000,0.712512,174.371918
Heidi_Klum_,93528.000000,0.788290,81.522484
Heinz_Feldmann_,116610.000000,1.092461,134.064886
Heizo_Takenaka_,100962.000000,1.033670,127.688583
Helen_Clark_,117609.500000,0.678959,122.903473
Henrique_Meirelles_,154277.000000,0.909951,125.342302
Herb_Sendek_,126824.666667,1.038242,132.807205
Hermann_Maier_,0.000000,0.748950,139.230753
Herta_Daeubler-Gmelin_,90867.000000,0.595025,81.001804
Hichiro_Naemura_,92594.500000,1.237792,131.983080
Hideki_Matsui_,104701.000000,0.684800,135.425913
Hilary_Duff_,90564.000000,0.686999,132.689432
Hillary_Clinton_,108353.000000,1.157081,115.459166
Hilmi_Ozkok_,137095.000000,1.026520,119.091366
Hipolito_Mejia_,119376.000000,0.490248,160.032187
Hisao_Oguchi_,126067.333333,0.516222,122.434668
Hitomi_Soga_,139506.000000,1.206859,111.327888
Holly_Hunter_,105381.500000,0.957049,123.204967
Hootie_Johnson_,123801.333333,0.981194,122.623230
Horst_Koehler_,127432.000000,0.514635,108.761137
Hosni_Mubarak_,141728.666667,0.705267,127.155621
Howard_Dean_,140706.000000,0.441936,122.128855
Howard_Schultz_,80408.500000,0.775080,138.879290
Howard_Smith_,101061.500000,0.586314,132.586977
Hu_Jintao_,109642.000000,0.986083,97.753973
Hugh_Grant_,133212.000000,1.133943,121.166353
Hugo_Chavez_,81104.000000,0.693013,139.473570
Hun_Sen_,135570.500000,0.539518,120.102503
Iain_Duncan_Smith_,141133.000000,0.889097,113.346207
Ian_McKellen_,136266.000000,0.797379,114.196100
Ian_Thorpe_,130299.000000,1.193585,93.941740
Iban_Mayo_,182819.000000,0.956614,130.856083
Ibrahim_Jaafari_,166889.000000,1.022746,113.319094
Igor_Ivanov_,110863.500000,0.787788,102.028145
Ilan_Ramon_,112766.500000,0.745324,123.566896
Imad_Moustapha_,121238.000000,0.629332,146.180288
Inam-ul-Haq_,115264.500000,1.066929,110.698719
Inocencio_Arias_,0.000000,0.993949,128.840199
Intisar_Ajouri_,96638.000000,0.753879,145.813730
Isabella_Rossellini_,143570.000000,1.072531,97.535015
Isabelle_Huppert_,119643.333333,0.661324,131.569181
Isaiah_Washington_,148872.000000,1.067534,129.706184
Ishaq_Shahryar_,121012.000000,0.660229,119.090384
Ismail_Merchant_,148182.000000,0.798062,138.859079
Iva_Majoli_,166094.000000,1.096839,154.903080
JJ_Redick_,114075.666667,1.039766,114.114479
JK_Rowling_,128408.000000,0.648528,66.578491
Jack_Grubman_,135349.666667,0.942597,125.547926
Jack_Nicholson_,97699.000000,0.961822,133.027988
Jack_Straw_,110248.500000,0.699572,122.577936
Jackie_Chan_,113125.000000,0.682183,109.199602
Jacqueline_Obradors_,143761.500000,0.814349,113.654577
Jacques_Chirac_,118463.000000,1.253940,144.155504
Jacques_Rogge_,123421.500000,0.882853,130.950651
Jada_Pinkett_Smith_,89867.500000,0.997749,148.204243
Jake_Gyllenhaal_,125608.000000,0.731670,107.396381
James_Blake_,108593.000000,0.889266,129.933153
James_Butts_,118342.000000,0.657336,127.083271
James_Caan_,149161.000000,0.500433,100.521225
James_Cameron_,135066.000000,0.647797,90.117823
James_Cunningham_,105577.000000,0.348699,112.272926
James_Franco_,146661.000000,0.810095,96.934038
James_Gandolfini_,104284.000000,1.253303,156.330667
James_Ivory_,129356.000000,1.267939,113.308050
James_Jones_,0.000000,1.087662,120.029747
James_Kelly_,143288.000000,0.797064,95.755194
James_Kopp_,114568.000000,1.060028,126.178370
James_Maguire_,112814.000000,0.880707,115.837511
James_McGreevey_,151384.000000,1.144712,105.740004
James_Morris_,141551.000000,1.118564,123.422445
James_Parker_,118433.000000,0.583655,137.231819
James_Schultz_,138692.000000,0.878366,113.102676
James_Smith_,105672.000000,0.844685,96.420855
James_Traficant_,135062.500000,0.933873,87.639696
James_Wolfensohn_,97161.250000,0.552974,102.949821
Jamie_Villafane_,94235.500000,0.530362,102.343634
Jamling_Norgay_,112483.500000,0.435640,118.747488
Jan-Michael_Gambill_,126194.000000,0.635312,133.479437
Jan_Ullrich_,139112.000000,0.613957,93.175598
Jane_Fonda_,113841.500000,0.797151,157.101057
Jane_Kaczmarek_,120504.333333,1.004695,161.937195
Jane_Pauley_,79240.000000,0.287150,120.289660
Janet_Napolitano_,120497.000000,0.806322,134.209915
Janet_Thorpe_,106862.000000,0.900722,123.753881
Janica_Kostelic_,0.000000,0.552035,124.872648
Jason_Alexander_,132851.500000,0.604267,121.286224
Jason_Jennings_,109965.333333,0.848895,129.162039
Jason_Kidd_,100555.000000,1.036322,122.380260
Jason_Lezak_,124763.500000,1.266221,136.902676
Javier_Solana_,123959.000000,0.983647,97.253395
Javier_Weber_,143078.666667,1.142764,167.705507
Jay_Garner_,113303.666667,0.458134,129.243311
Jay_Leno_,124009.000000,0.698377,138.030874
Jay_Rasulo_,139685.000000,0.929688,128.900162
Jayson_Williams_,151353.000000,0.819816,125.361982
Jean-Claude_Braquet_,144238.000000,0.748635,87.121740
Jean-Claude_Juncker_,68907.000000,0.918697,135.980074
Jean-Claude_Trichet_,134671.000000,1.147917,142.465803
Jean-David_Levitte_,123446.000000,0.805344,104.359505
Jean-Francois_Pontal_,133534.000000,0.683458,106.994831
Jean-Marc_de_La_Sabliere_,94427.000000,1.064112,120.903578
Jean-Pierre_Raffarin_,162683.000000,1.074706,132.654720
Jean-Sebastien_Giguere_,139142.500000,1.113564,93.801769
Jean_Brumley_,134288.500000,1.101700,137.248096
Jean_Carnahan_,62892.000000,0.720788,109.448938
Jean_Charest_,157367.000000,0.890557,115.254244
Jean_Chretien_,134849.000000,0.825359,123.729549
Jeanne_Moreau_,113949.500000,0.585134,126.292816
Jeb_Bush_,139136.000000,0.710469,143.964483
Jeff_Van_Gundy_,164753.000000,0.830768,131.057499
Jefferson_Perez_,0.000000,0.997818,142.000624
Jeffrey_Archer_,160329.500000,1.173352,115.360426
Jeffrey_Immelt_,112008.000000,1.417336,159.465097
Jeffrey_Jones_,0.000000,0.458994,134.327610
Jeffrey_Scott_Postell_,113315.500000,0.731104,142.683168
Jelena_Dokic_,156055.000000,1.379716,148.824207
Jennifer_Aniston_,82153.250000,0.848743,150.295229
Jennifer_Capriati_,154973.000000,1.208387,119.969591
Jennifer_Connelly_,138296.500000,0.760573,122.735199
Jennifer_Garner_,87031.333333,0.788515,130.255579
Jennifer_Keller_,99661.000000,0.281944,109.082760
Jennifer_Lopez_,125429.000000,0.565150,98.344751
Jennifer_Reilly_,0.000000,0.960468,135.490574
Jennifer_Rodriguez_,142513.000000,1.060054,120.295784
Jennifer_Thompson_,110571.000000,1.091591,123.696222
Jeong_Se-hyun_,82475.000000,1.037229,96.278591
Jeremy_Greenstock_,124504.000000,0.725641,104.338074
Jeremy_Shockey_,121791.000000,1.038084,112.371895
Jerry_Falwell_,136017.666667,1.057995,96.121923
Jerry_Regier_,137924.500000,0.978739,112.834579
Jerry_Springer_,169428.000000,1.460111,129.500629
Jesse_Harris_,131518.000000,0.889666,129.821970
Jesse_Jackson_,124885.000000,0.949495,157.587948
Jesse_James_Leija_,126741.000000,1.179560,121.217270
Jesse_Ventura_,121631.000000,0.476196,109.720613
Jessica_Alba_,117623.000000,0.812655,96.402227
Jessica_Lange_,78097.500000,0.475440,132.573421
Jessica_Lynch_,91005.500000,0.687250,136.982988
Jia_Qinglin_,132628.000000,0.474523,112.089457
Jiang_Zemin_,101813.000000,1.059142,128.426380
Jim_Carrey_,125173.000000,1.171146,122.200373
Jim_Edmonds_,130140.000000,1.122468,140.705927
Jim_Furyk_,148495.500000,0.752642,154.480137
Jim_Hahn_,125534.000000,0.752103,126.067421
Jim_Harrick_,120992.500000,0.582806,135.126055
Jim_OBrien_,80638.000000,0.937343,158.595861
Jim_Tressel_,99544.000000,1.092034,126.637903
Jimmy_Carter_,109977.000000,1.017624,132.222054
Jimmy_Kimmel_,63914.666667,0.491242,105.097414
Jiri_Novak_,121632.333333,0.978105,140.888046
Jo_Dee_Messina_,148271.000000,0.663735,132.974709
Joan_Claybrook_,0.000000,0.959443,138.017771
Joan_Laporta_,131190.000000,1.012336,144.155848
Job_Cohen_,104670.000000,0.482075,126.052217
Jodie_Foster_,77317.000000,0.359518,123.679876
Joe_Calzaghe_,115676.500000,0.459877,138.519615
Joe_Dumars_,135616.500000,0.915390,185.191189
Joe_Gatti_,144596.000000,0.588213,153.053265
Joe_Lieberman_,111951.666667,0.502608,129.787504
Joe_Mantello_,118800.500000,0.659543,129.453985
Joe_Nichols_,132194.500000,0.973965,132.801029
Joe_Torre_,126719.000000,0.722423,126.013142
Joerg_Haider_,113562.000000,1.253861,111.322351
John_Abizaid_,106116.500000,0.285929,124.725403
John_Allen_Muhammad_,148088.000000,1.034744,175.992102
John_Ashcroft_,146931.000000,1.085399,104.577072
John_Banko_,162073.000000,1.010763,135.225386
John_Blaney_,127872.000000,0.819220,100.447294
John_Bolton_,98223.000000,1.140930,132.333008
John_Brady_,108411.500000,0.818725,163.188248
John_Cusack_,99363.000000,1.190496,131.246828
John_Edwards_,141046.000000,0.582149,121.076218
John_F_Kennedy_Jr_,131870.250000,0.366629,129.058584
John_Garamendi_,129559.000000,0.969630,119.343819
John_Howard_,153436.000000,0.992744,140.968891
John_Jumper_,85971.000000,0.879153,143.064165
John_Kerry_,188123.000000,0.782341,118.423414
John_Malkovich_,119241.000000,1.352828,162.690208
John_Manley_,128151.571429,0.664870,111.380281
John_Mayer_,150933.000000,0.850133,117.428997
John_McCain_,123716.000000,0.538321,83.559387
John_McCallum_,106088.000000,0.903459,125.150940
John_McCormack_,149348.000000,1.177039,110.676477
John_McEnroe_,0.000000,0.864167,95.467152
John_Negroponte_,121134.000000,0.786437,132.172499
John_Paul_II_,128439.666667,1.110986,133.660915
John_Reid_,136271.666667,0.827541,117.266197
John_Reilly_,104759.000000,0.231809,107.049044
John_Rigas_,95811.000000,1.212070,160.175970
John_Rosa_,120119.333333,0.596144,127.797092
John_Rowland_,162571.000000,0.625777,94.984158
John_Ruiz_,131453.000000,1.151846,128.952349
John_Snow_,128517.000000,0.974092,133.321354
John_Spencer_,171646.000000,0.737621,124.509384
John_Stallworth_,147703.333333,0.613310,162.005959
John_Stockton_,168036.000000,0.703545,130.295433
John_Swofford_,142987.500000,0.905283,123.898878
John_Taylor_,111919.000000,0.992479,96.488695
John_Timoney_,117543.500000,1.290421,113.984709
John_Travolta_,143259.000000,0.750832,124.744453
John_Walsh_,137248.000000,0.701320,114.276869
John_Warner_,117617.000000,1.180804,93.535015
John_Wolf_,126375.500000,0.795894,96.213198
Johnny_Carson_,0.000000,1.078609,142.545038
Johnny_Depp_,128261.333333,1.021863,139.238768
Johnny_Tapia_,76149.000000,0.747318,127.387215
Johnny_Unitas_,116717.000000,0.699926,104.284185
Johnson_Panjaitan_,171895.000000,0.427378,129.133451
Jolanta_Kwasniewski_,127913.000000,0.817147,118.345671
Jon_Corzine_,105784.000000,0.764296,158.172945
Jon_Gruden_,111480.000000,0.715639,146.844248
Jon_Voight_,117448.500000,1.353840,106.463335
Jonathan_Edwards_,121612.000000,0.912134,153.049553
Jonathan_Mostow_,121762.000000,0.563301,112.437407
Jong_Thae_Hwa_,109206.500000,1.111314,129.353542
Jong_Wook_Lee_,86094.000000,0.687409,127.014568
Jorge_Arce_,110382.500000,1.019617,137.363375
Jorge_Batlle_,127609.000000,1.090253,138.651964
Jorge_Castaneda_,97432.000000,1.063624,147.471279
Jorge_Rodolfo_Canicoba_Corral_,114511.000000,1.226374,102.486872
Jorge_Valdano_,108178.666667,0.495989,142.752174
Joschka_Fischer_,108412.000000,1.034909,79.835508
Jose_Canseco_,0.000000,1.117357,140.026722
Jose_Dirceu_,78449.000000,0.950242,135.580029
Jose_Manuel_Durao_Barroso_,134402.000000,0.868522,107.885513
Jose_Maria_Aznar_,120384.000000,0.662606,139.083334
Jose_Mourinho_,155924.000000,0.861503,135.706062
Jose_Sarney_,135990.500000,0.960926,98.392084
Jose_Serra_,123868.000000,0.577900,148.907227
Jose_Theodore_,118357.000000,0.654587,119.626871
Jose_Viegas_Filho_,0.000000,0.717914,157.855183
Joseph_Biden_,126520.000000,1.373620,149.349478
Joseph_Blatter_,99432.500000,0.719161,96.473177
Joseph_Deiss_,133857.000000,0.930726,151.949242
Joseph_Estrada_,116658.500000,0.964570,134.226639
Joseph_Ralston_,106798.500000,1.083865,87.863884
Juan_Carlos_Ferrero_,140630.000000,0.837341,121.939245
Juan_Ignacio_Chela_,138603.000000,0.947360,155.903032
Juan_Manuel_Marquez_,126037.000000,1.041390,115.396437
Juan_Pablo_Montoya_,95358.500000,1.203964,164.053995
Juan_Valencia_Osorio_,133526.000000,0.671214,150.437965
Juanes_,121763.000000,0.691221,129.214315
Jude_Law_,141944.000000,0.370650,104.994825
Judi_Dench_,120890.666667,0.702835,107.641685
Judy_Genshaft_,130878.000000,0.729004,142.512877
Juergen_Peters_,135480.333333,1.106923,159.911631
Julia_Tymoshenko_,126502.000000,1.105942,112.534327
Julianna_Margulies_,114925.500000,0.532849,129.346376
Julianne_Moore_,94097.250000,0.416648,127.543032
Julie_Gerberding_,125746.500000,0.288880,141.445124
Julie_Taymor_,103428.750000,1.084293,117.377747
Julio_Iglesias_Jr_,135850.500000,0.875394,111.892933
Junichiro_Koizumi_,102249.500000,0.386415,99.618397
Justin_Gatlin_,117085.000000,0.909034,174.656792
Justin_Guarini_,106773.000000,0.902238,120.466534
Justin_Leonard_,113804.500000,1.033757,116.172850
Justin_Timberlake_,125883.333333,0.410154,110.313190
Justine_Henin_,131786.500000,0.718112,108.827009
Justine_Pasek_,131449.000000,0.828895,120.500109
Kalpana_Chawla_,124759.000000,0.583326,123.136749
Kamal_Kharrazi_,73383.000000,1.055968,125.183428
Karen_Mok_,152852.000000,0.949570,122.161160
Karin_Stoiber_,110658.000000,0.793426,155.603979
Kate_Capshaw_,130265.000000,0.613886,131.741060
Kate_Hudson_,121172.666667,0.425538,114.946709
Kate_Winslet_,126603.000000,0.861245,108.998911
Katherine_Harris_,164296.000000,0.265005,126.713654
Kathleen_Glynn_,137364.000000,0.495429,122.887012
Kathleen_Kennedy_Townsend_,118505.000000,0.822556,118.931704
Kathryn_Bigelow_,106096.000000,0.582058,127.039179
Kathy_Winters_,95705.000000,1.021990,99.974539
Katie_Harman_,150369.000000,1.048416,83.020647
Keanu_Reeves_,124307.000000,0.700580,145.784893
Keira_Knightley_,138019.000000,0.287899,115.330206
Keith_Bogans_,88433.000000,1.326382,179.273586
Kelli_White_,112702.000000,0.669962,156.819054
Kelly_Clarkson_,145660.000000,0.612207,118.757776
Kelvin_Sampson_,145610.000000,0.684579,153.543423
Kemal_Dervis_,128394.000000,0.755705,129.719007
Ken_Macha_,125028.000000,1.406669,107.920408
Ken_Watanabe_,110178.000000,0.452637,96.368429
Kenneth_Bowersox_,142869.000000,1.144512,134.880680
Kenneth_Branagh_,105517.000000,0.879420,85.681376
Kenneth_Evans_,119177.333333,0.374723,114.691969
Kent_Rominger_,149196.000000,0.513925,129.103039
Kevin_Costner_,115255.500000,0.347416,134.070667
Kevin_Spacey_,166682.000000,0.907526,84.049440
Kevin_Stallings_,0.000000,1.190833,138.196650
Kieran_Prendergast_,95150.000000,0.524021,124.878735
Kifah_Ajouri_,98657.000000,0.663195,165.753582
Kiki_Vandeweghe_,127023.000000,0.624437,115.182610
Kim_Clijsters_,155248.000000,0.670709,115.191353
Kim_Dae-jung_,87102.500000,0.337152,100.491161
Kim_Jin-sun_,0.000000,1.024554,118.971201
Kim_Jong-Il_,101923.400000,0.566591,78.760450
Kim_Ryong-sung_,117514.500000,0.870429,129.568882
Kim_Yong-il_,111730.000000,1.378445,119.474382
Kimi_Raikkonen_,142143.000000,0.294708,125.709862
King_Abdullah_II_,112345.000000,1.077102,99.533300
Kirk_Ferentz_,135404.500000,1.096479,153.913794
Kirk_Johnson_,111939.000000,0.966013,143.330889
Kjell_Magne_Bondevik_,129860.000000,0.944946,110.137180
Klaus_Zwickel_,102934.000000,1.126847,121.542126
Kobe_Bryant_,102963.000000,0.849193,169.263739
Kofi_Annan_,113689.000000,0.802832,175.571396
Kosuke_Kitajima_,120086.000000,0.971721,139.610384
Kristanna_Loken_,107874.666667,0.547130,98.819384
Kristen_Breitweiser_,161510.000000,0.486058,135.718224
Kristin_Davis_,113376.166667,0.266807,112.481430
Kurt_Busch_,122048.666667,0.966427,172.789503
Kurt_Russell_,130418.500000,1.103696,137.563253
Kurt_Warner_,144436.000000,1.101066,99.543262
Kwon_Yang-sook_,98322.000000,0.434579,98.292389
LK_Advani_,132418.000000,1.356110,117.865767
Laila_Ali_,148927.000000,1.079006,133.224709
Lana_Clarkson_,138132.000000,0.780117,81.343550
Lance_Armstrong_,167037.500000,0.399083,139.395990
Lance_Bass_,118379.000000,0.480536,113.597462
Larry_Bowa_,0.000000,0.814224,125.803553
Larry_Brown_,127571.000000,0.844732,139.624235
Larry_Coker_,100887.000000,0.341549,129.400715
Larry_Ellison_,107778.000000,0.605690,144.875597
Larry_Johnson_,117699.000000,0.881139,134.589207
Larry_Lindsey_,145773.000000,0.918693,122.504074
Larry_Lucchino_,118376.000000,1.179149,137.119789
Larry_Thompson_,144236.000000,0.520888,169.090973
Lars_Von_Trier_,109615.000000,0.419834,101.383492
Latrell_Sprewell_,108681.000000,1.092482,165.336657
Laura_Bush_,101883.500000,0.797963,109.326550
Laura_Hernandez_,116913.000000,0.476040,138.210241
Laura_Linney_,107207.000000,0.918929,96.444887
Lauren_Hutton_,108413.500000,0.425545,112.661434
Lauren_Killian_,142791.000000,0.395862,116.140421
Laurent_Gbagbo_,117948.000000,1.216749,153.128643
Laurent_Jalabert_,138558.500000,0.759399,125.451168
Lawrence_MacAulay_,163844.000000,1.207181,152.439993
LeAnn_Rimes_,144034.000000,0.835447,125.277304
LeBron_James_,139333.500000,0.675802,180.581802
Lea_Fastow_,121667.000000,0.785153,127.771858
Leander_Paes_,130669.000000,0.718934,164.392944
Lech_Walesa_,150977.000000,0.655691,85.645184
Lee_Hoi-chang_,101513.500000,0.647759,100.340195
Lee_Jun_,140850.000000,0.594625,88.820206
Lee_Soo-hyuck_,78176.000000,1.519245,159.835947
Lee_Tae-sik_,137966.200000,0.443441,92.463140
Leland_Chapman_,116778.500000,1.167066,169.167124
Len_Jenoff_,125852.000000,1.309471,148.814379
Lennox_Lewis_,113703.000000,0.834935,155.964495
Lenny_Wilkens_,136744.000000,1.022768,128.247673
Leon_LaPorte_,134481.250000,0.641645,107.700777
Leonard_Hamilton_,127310.000000,1.067000,149.488346
Leonardo_DiCaprio_,107343.000000,0.571566,122.221708
Leonid_Kuchma_,159540.000000,1.004511,114.901087
Lesley_McCulloch_,132222.000000,1.238489,133.637835
Leslie_Ann_Woodward_,159643.000000,0.873356,90.936539
Leslie_Caldwell_,129072.000000,1.041287,133.002140
Leslie_Moonves_,121264.333333,0.395611,96.243082
Leszek_Miller_,82379.000000,0.290977,95.998030
Li_Peng_,125751.000000,0.721836,140.444685
Li_Zhaoxing_,128516.000000,0.545651,125.492197
Liam_Neeson_,128743.500000,0.908856,137.563398
Lili_Taylor_,127245.000000,0.947226,108.438192
Lily_Tomlin_,135131.666667,0.916648,103.087904
Lim_Dong-won_,144766.000000,1.022810,114.415602
Lina_Krasnoroutskaya_,125923.000000,1.214596,170.401554
Lindsay_Benko_,119521.333333,0.427049,137.870495
Lindsay_Davenport_,118014.000000,0.977826,157.947264
Lindsey_Graham_,130791.000000,0.469731,120.619785
Lino_Oviedo_,86266.000000,0.335845,117.225605
Lionel_Richie_,93345.000000,0.534641,144.491098
Lisa_Gottsegen_,140185.500000,0.724678,130.236223
Lisa_Ling_,115504.500000,0.917933,122.629353
Lisa_Marie_Presley_,155606.000000,0.635600,116.421831
Lisa_Raymond_,98533.000000,0.698605,141.111141
Liu_Mingkang_,119578.000000,0.893200,118.210697
Liza_Minnelli_,131503.500000,0.282066,124.304445
Lleyton_Hewitt_,132203.000000,0.935748,140.452515
Lloyd_Ward_,131342.000000,0.747730,134.263670
Lon_Kruger_,148548.000000,1.206830,153.198450
Lord_Hutton_,155385.000000,1.295458,119.496248
Lou_Piniella_,124866.000000,0.456424,146.082472
Luciano_Pavarotti_,127741.000000,1.051648,146.607584
Lucio_Gutierrez_,149459.000000,0.816768,153.682772
Lucy_Liu_,88072.000000,0.220504,117.298523
Ludivine_Sagnier_,129694.000000,0.854799,113.869823
Luis_Ernesto_Derbez_Bautista_,155666.000000,0.956836,102.813128
Luis_Figo_,108276.500000,0.730103,145.550756
Luis_Gonzalez_Macchi_,136178.000000,0.719505,134.853170
Luis_Horna_,134054.000000,0.739804,166.291561
Luiz_Felipe_Scolari_,151716.000000,1.122859,148.414217
Luiz_Inacio_Lula_da_Silva_,134240.000000,0.436640,134.232725
Luke_Walton_,0.000000,0.762025,129.605745
Lyle_Vanclief_,160062.000000,1.271771,101.218897
Lynn_Abraham_,107087.000000,0.373691,132.670382
Lynn_Redgrave_,89892.000000,0.639211,118.684238
Lynne_Cheney_,133146.000000,1.127752,133.702305
Mack_Brown_,128448.500000,0.699706,100.134018
Madeleine_Albright_,126876.666667,1.033973,143.894703
Madonna_,123010.500000,0.582180,102.467447
Magdalena_Maleeva_,0.000000,1.267061,118.370264
Maggie_Smith_,130210.000000,0.578680,89.012272
Magui_Serna_,102149.000000,0.722797,136.375229
Mahathir_Mohamad_,45720.000000,0.288769,127.430536
Mahmoud_Abbas_,82269.666667,0.369622,105.422764
Makhdoom_Amin_Fahim_,146430.000000,1.042274,155.143091
Manfred_Stolpe_,0.000000,1.111855,124.868151
Manuel_Poggiali_,95038.000000,0.732631,141.699265
Marat_Safin_,100181.000000,1.303274,133.340219
Marc-Andre_Fleury_,143730.666667,1.304538,115.327223
Marc_Grossman_,144817.500000,1.329252,125.354053
Marcelo_Ebrard_,119118.000000,1.138594,113.129568
Marcelo_Rios_,165952.000000,0.819037,137.669495
Marcelo_Salas_,148153.000000,0.819813,139.997822
Marco_Antonio_Barrera_,167793.000000,0.501843,116.138729
Marcus_Gronholm_,158358.000000,0.649141,79.743185
Margaret_Thatcher_,0.000000,0.667827,102.152754
Maria_Luisa_Mendonca_,110225.500000,0.538389,145.692257
Maria_Shriver_,108032.500000,0.447782,106.253775
Maria_Soledad_Alvear_Valenzuela_,116684.000000,0.799859,108.481525
Mariah_Carey_,135643.000000,0.944018,116.010687
Mariana_Pollack_,107035.000000,0.311860,88.927689
Mariangel_Ruiz_Torrealba_,129572.000000,0.712290,100.604729
Marie-Reine_Le_Gougne_,101065.000000,0.698566,119.365154
Marieta_Chrousala_,113181.500000,0.548870,117.689926
Marilyn_Monroe_,108983.000000,0.433376,116.157881
Marina_Anissina_,133638.333333,0.630690,124.128927
Mario_Cipollini_,137739.000000,1.291723,156.176235
Mario_Dumont_,117954.000000,0.297507,103.908499
Mario_Kreutzberger_,132648.000000,0.695420,146.122551
Marisa_Tomei_,101046.000000,0.286016,117.612854
Marissa_Jaret_Winokur_,110698.500000,0.839294,106.395189
Mark_Cuban_,114340.000000,0.625638,133.490208
Mark_Dacey_,126238.000000,1.265393,111.817753
Mark_Geragos_,137238.000000,0.881686,115.328545
Mark_Gottfried_,130067.333333,1.208710,110.889833
Mark_Hamister_,139726.000000,1.147382,128.093790
Mark_Heller_,0.000000,0.904086,124.726112
Mark_Hurlbert_,137403.000000,0.806649,144.686340
Mark_Philippoussis_,119260.000000,0.821740,151.134790
Mark_Richt_,136154.333333,0.746885,108.527063
Mark_Schweiker_,125963.000000,0.842934,143.147972
Mark_Wahlberg_,102413.000000,1.192641,117.862553
Mark_Warner_,110719.000000,0.749379,132.887152
Markus_Naslund_,137140.000000,0.759571,130.487347
Marlene_Weingartner_,124626.250000,0.938980,144.818026
Martha_Beatriz_Roque_,120899.500000,1.082323,167.639618
Martha_Bowen_,150636.000000,1.195063,109.562468
Martha_Burk_,87572.000000,0.759410,141.149008
Martha_Lucia_Ramirez_,141549.500000,0.703033,138.544703
Martha_Stewart_,138273.500000,0.649629,78.369961
Martin_Brodeur_,120961.666667,0.411388,87.388048
Martin_Cauchon_,114983.500000,1.130256,140.741728
Martin_Hoellwarth_,127982.000000,1.154420,125.384235
Martin_McCauley_,133618.000000,1.093117,117.827318
Martin_McGuinness_,134596.000000,0.993789,109.318056
Martin_Scorsese_,124969.000000,0.886088,92.431818
Martin_Sheen_,130724.500000,0.339799,85.289917
Martin_Verkerk_,135717.000000,1.066111,140.201782
Martina_Hingis_,135747.000000,0.849333,153.531475
Martina_McBride_,106068.500000,0.567355,140.123825
Marty_Mornhinweg_,152008.000000,0.849789,169.970919
Marwan_Barghouthi_,100096.500000,0.722771,164.433430
Mary-Kate_Olsen_,150139.500000,0.495849,127.812059
Mary_Carey_,96279.000000,0.574627,94.826756
Mary_Landrieu_,133367.000000,0.935908,123.752241
Mary_Steenburgen_,127663.000000,0.375664,131.947636
Mary_Tyler_Moore_,118003.500000,0.586829,113.031300
Masahiko_Nagasawa_,121868.333333,0.754130,130.007006
Masum_Turker_,61878.000000,1.010248,120.029144
Mathias_Reichhold_,127728.500000,1.177158,111.586405
Matt_Damon_,138260.500000,0.501181,105.604206
Matt_Dillon_,65756.000000,0.362194,140.849682
Matt_Doherty_,81045.000000,0.946215,147.005156
Matthew_Broderick_,94732.000000,0.998220,157.130735
Matthew_Perry_,134362.333333,0.609218,114.797619
Maureen_Fanning_,157368.500000,0.581586,92.026237
Max_Mayfield_,0.000000,0.908074,117.967035
Megan_Mullally_,112575.000000,0.432777,114.006758
Megawati_Sukarnoputri_,112837.500000,0.679191,126.371981
Meghann_Shaughnessy_,87841.000000,1.070547,157.134312
Mel_Brooks_,118592.000000,0.728579,112.043440
Mel_Gibson_,0.000000,0.287393,138.954849
Melanie_Griffith_,118464.000000,1.028370,98.561787
Melissa_Etheridge_,95095.000000,1.175627,100.170916
Meryl_Streep_,142073.666667,0.696061,70.875528
Mesut_Yilmaz_,0.000000,0.960938,147.137127
Mian_Khursheed_Mehmood_Kasuri_,149622.000000,0.955544,102.244946
Michael_Ballack_,136189.000000,0.964486,132.929562
Michael_Bloomberg_,107628.000000,1.049260,144.165409
Michael_Caine_,138808.000000,0.861332,152.147644
Michael_Capellas_,140976.000000,1.124016,125.725105
Michael_Chang_,114731.000000,1.058353,133.251106
Michael_Chiklis_,115373.666667,0.774440,120.187481
Michael_Douglas_,94775.500000,0.465965,104.672050
Michael_J_Sheehan_,0.000000,0.566059,110.294325
Michael_Jackson_,136747.000000,0.724865,65.724308
Michael_Jordan_,167394.000000,0.735865,194.301521
Michael_Keaton_,108798.333333,0.559957,158.774149
Michael_Kostelnik_,0.000000,0.443252,132.151215
Michael_Leavitt_,111944.000000,0.975114,138.797241
Michael_Moore_,116144.000000,0.791877,102.581381
Michael_Patrick_King_,104293.000000,1.297217,117.390839
Michael_Phelps_,136179.500000,0.880541,116.479910
Michael_Powell_,119780.000000,0.529443,124.263338
Michael_Schumacher_,70102.000000,0.633011,147.950655
Michael_Sullivan_,133703.500000,1.042554,101.208820
Michael_Winterbottom_,138548.000000,0.985352,67.003460
Michel_Duclos_,124793.000000,1.108934,90.180986
Michel_Temer_,109558.500000,1.424757,119.613874
Michel_Therrien_,136874.000000,1.150583,125.784233
Michelle_Branch_,130577.500000,1.063415,109.245123
Michelle_Collins_,0.000000,1.062695,153.734665
Michelle_Kwan_,100464.000000,0.753959,108.025805
Michelle_Pfeiffer_,117827.000000,1.163234,131.106213
Michelle_Rodriguez_,92394.333333,0.306989,135.191555
Michelle_Yeoh_,84558.333333,0.495345,114.735216
Mick_Jagger_,155218.500000,0.988985,107.872049
Miguel_Contreras_,135642.000000,0.669143,148.212799
Miguel_Estrada_,116536.500000,0.916009,128.234501
Mike_Babcock_,128223.000000,0.996576,139.863152
Mike_Brey_,126715.000000,0.955177,116.976339
Mike_Helton_,51478.000000,0.455437,93.619835
Mike_Holmgren_,111404.666667,0.383009,100.656422
Mike_Krzyzewski_,137264.000000,1.055301,148.189253
Mike_Martz_,139164.750000,0.735344,117.396450
Mike_Miller_,0.000000,1.253400,125.933140
Mike_Montgomery_,153068.000000,0.592872,115.473282
Mike_Myers_,127591.166667,0.456799,153.825434
Mike_Price_,0.000000,0.586963,136.964834
Mike_Scioscia_,141109.000000,1.157896,139.270433
Mike_Tyson_,126572.000000,0.681651,142.932087
Mike_Weir_,114376.666667,1.083120,144.325150
Mikhail_Gorbachev_,138846.000000,0.338474,102.562466
Mikhail_Kasyanov_,110329.000000,0.590207,90.953062
Mikhail_Wehbe_,71367.000000,0.796887,127.675510
Mikhail_Youzhny_,148929.000000,1.043101,132.206556
Mikulas_Dzurinda_,157014.000000,1.095494,134.580641
Milo_Djukanovic_,141261.500000,1.121779,89.625715
Milo_Maestrecampo_,0.000000,1.056173,161.700537
Minnie_Driver_,136552.000000,0.672666,113.143476
Mireya_Moscoso_,121692.000000,1.039681,145.924303
Miroljub_,136967.500000,1.098090,143.880634
Mitchell_Daniels_,0.000000,0.628455,108.066767
Mitoji_Yabunaka_,144700.500000,0.719045,164.920340
Miyako_Miyazaki_,127213.500000,0.884067,134.809057
Mohamed_Benaissa_,98771.000000,0.761545,131.850985
Mohamed_ElBaradei_,96770.000000,1.312811,135.368036
Mohammad_Khatami_,126239.000000,0.732709,144.852676
Mohammed_Al-Douri_,63234.000000,1.053353,153.556984
Mohammed_Baqir_al-Hakim_,113365.000000,0.448842,101.720392
Monica_Bellucci_,98462.000000,0.504455,100.873154
Monica_Lewinsky_,100405.000000,1.072738,129.814318
Monica_Seles_,147733.000000,0.941261,156.458652
Monique_Garbrecht-Enfeldt_,120994.500000,0.938112,142.337711
Morgan_Freeman_,0.000000,0.992331,156.699425
Moshe_Katsav_,133592.500000,0.679811,152.147232
Muammar_Gaddafi_,115090.000000,0.687959,113.415428
Muhammad_Ali_,174282.000000,1.027959,127.144644
Muhammad_Saeed_al-Sahhaf_,102367.000000,1.048026,133.214384
Mukesh_Ambani_,171393.000000,0.985829,109.472132
Munir_Akram_,104537.500000,1.049378,138.224600
Nabil_Shaath_,158164.000000,0.793255,93.051317
Nadia_Petrova_,133253.000000,0.934421,146.264597
Nadine_Vinzens_,0.000000,0.896734,142.103413
Naji_Sabri_,128761.000000,0.926399,137.633650
Nan_Wang_,129452.000000,1.284797,104.415386
Nancy_Demme_,111453.000000,0.755599,111.514290
Nancy_Pelosi_,160534.000000,0.958422,134.932455
Nancy_Reagan_,145160.000000,0.931747,121.585930
Nancy_Sinatra_,84890.000000,0.605052,115.459673
Nanni_Moretti_,87791.000000,0.753674,171.603333
Naomi_Campbell_,93951.000000,0.557609,153.571827
Naomi_Watts_,102439.000000,0.524947,83.496031
Naoto_Kan_,126988.500000,0.707174,130.749947
Nasser_al-Kidwa_,124145.000000,0.691877,132.989866
Nastassia_Kinski_,121998.000000,0.946957,106.925518
Natalie_Cole_,0.000000,0.774072,176.088299
Natalie_Coughlin_,145553.000000,1.209923,123.244343
Natalie_Maines_,142842.000000,1.371672,133.376883
Natasha_McElhone_,138193.333333,0.938327,97.682631
Nathalie_Baye_,68550.000000,0.983238,119.829029
Nathan_Lane_,136674.000000,0.787590,152.004398
Nebojsa_Pavkovic_,67758.500000,0.714336,158.120638
Nelson_Mandela_,136527.000000,0.369259,160.895111
Neri_Marcore_,134099.000000,0.480222,99.503704
Nestor_Kirchner_,135606.000000,0.807949,124.279963
Nia_Vardalos_,141065.000000,0.426115,121.723490
Nicanor_Duarte_Frutos_,120341.500000,0.661935,89.210865
Nicholas_Byron_,145588.000000,0.655142,143.291914
Nicholas_Tse_,112965.000000,0.499427,140.698490
Nick_Nolte_,116840.750000,0.836180,150.770403
Nicolas_Cage_,124756.000000,0.937586,133.312294
Nicolas_Escude_,151974.000000,1.201007,150.981604
Nicolas_Lapentti_,133600.000000,0.989096,166.051176
Nicole_Kidman_,116315.000000,0.835565,109.907974
Nikki_Reed_,129119.000000,1.080892,120.097038
Noah_Wyle_,100207.000000,0.543912,115.925665
Noelle_Bush_,83331.000000,0.700458,148.139185
Nora_Bendijo_,144990.000000,1.194949,142.055609
Norah_Jones_,102720.000000,0.543359,178.748188
Norm_Coleman_,101158.000000,0.816665,114.747307
Norman_Jewison_,146209.000000,0.781123,146.348352
Norodom_Sihanouk_,128178.333333,0.980628,161.216911
Nursultan_Nazarbayev_,115869.000000,0.645844,125.996565
OJ_Simpson_,0.000000,0.531715,124.208807
Oleksandr_Moroz_,146169.000000,0.746681,92.471407
Olesya_Bonabarenko_,142011.000000,0.650795,97.210314
Olivia_Newton-John_,0.000000,0.685089,86.030359
Omar_Sharif_,127705.000000,0.885220,132.493502
Oprah_Winfrey_,121763.000000,1.091042,138.412958
Orlando_Bloom_,164019.000000,0.646252,138.367855
Orrin_Hatch_,109365.500000,0.933545,148.130806
Osama_bin_Laden_,104592.000000,0.927744,196.311913
Oscar_De_La_Hoya_,97294.000000,0.889879,118.658138
Oscar_Elias_Biscet_,103226.000000,0.589493,154.741632
Oswaldo_Paya_,123156.000000,0.805461,159.988823
Owen_Wilson_,101704.600000,0.396047,115.086981
Oxana_Fedorova_,128779.000000,1.136894,125.686890
Ozzy_Osbourne_,119747.000000,0.897101,123.947025
Padraig_Harrington_,63309.000000,1.474395,156.775234
Pamela_Anderson_,143642.000000,0.771381,75.982605
Paradorn_Srichaphan_,133999.500000,1.091487,145.863615
Paris_Hilton_,149568.000000,1.000934,128.905491
Parris_Glendening_,146514.000000,0.659912,138.567507
Pascal_Lamy_,0.000000,0.977830,129.526651
Pascal_Quignard_,144672.000000,0.638629,103.684786
Pat_Burns_,122567.000000,0.596195,131.778730
Pat_Cox_,100536.500000,0.748157,157.492886
Patrice_Chereau_,0.000000,1.151926,144.432148
Patricia_Clarkson_,152149.000000,0.699537,103.310238
Patricia_Heaton_,101672.000000,0.549501,124.157986
Patrick_Ewing_,133754.000000,0.856614,182.762661
Patrick_Leahy_,130306.000000,0.622262,145.266567
Patrick_McEnroe_,123516.000000,0.603468,139.859045
Patrick_Roy_,125521.000000,0.864678,90.289831
Patrick_Stewart_,117661.666667,1.049700,134.660185
Patti_Labelle_,107826.666667,1.030673,135.920544
Patty_Schnyder_,145523.000000,0.556438,122.384005
Paul-Henri_Mathieu_,160461.000000,0.990283,134.735519
Paul_Bremer_,118584.000000,0.386531,113.052219
Paul_Burrell_,130950.000000,1.310803,140.714951
Paul_Byrd_,126577.500000,0.551667,134.518003
Paul_Coppin_,47272.500000,0.286235,126.370102
Paul_Gascoigne_,112334.000000,0.830392,138.664021
Paul_Hogan_,121325.000000,0.456702,145.539488
Paul_Kagame_,119002.000000,0.622583,146.550142
Paul_Martin_,76842.000000,0.554126,125.370716
Paul_McCartney_,122884.000000,0.852393,107.811615
Paul_McNulty_,127436.500000,0.948257,104.274042
Paul_ONeill_,109408.500000,0.723014,124.826508
Paul_Patton_,110238.500000,0.531759,127.388481
Paul_Pierce_,142505.000000,0.547285,150.566935
Paul_Sarbanes_,119561.500000,0.499707,120.355133
Paul_Shanley_,135796.000000,1.094955,142.945345
Paul_Tagliabue_,131657.000000,1.121417,111.120325
Paul_Wellstone_,88149.000000,0.848904,120.133547
Paul_William_Hurley_,121175.000000,0.404318,111.828138
Paul_Wolfowitz_,137209.000000,0.622081,147.429276
Paula_Radcliffe_,85610.500000,0.399374,107.538637
Paula_Zahn_,150325.000000,0.826010,136.287691
Paulo_Cesar_Pinheiro_,172284.500000,0.897264,123.431610
Pedro_Almodovar_,137684.000000,0.937608,106.643579
Pedro_Malan_,107618.000000,0.687238,121.732899
Pedro_Solbes_,135468.500000,1.081016,123.919130
Penelope_Ann_Miller_,109839.000000,0.897231,136.152727
Penelope_Cruz_,94505.666667,0.827977,104.766504
Pervez_Musharraf_,142114.000000,0.944577,101.277811
Pete_Carroll_,112565.000000,0.691256,117.868053
Pete_Rose_,134683.000000,0.874249,106.749176
Pete_Sampras_,121769.000000,0.856307,123.587433
Peter_Arnett_,117551.500000,0.692009,99.073284
Peter_Bacanovic_,120702.000000,0.530822,106.078104
Peter_Costello_,109271.000000,0.693814,95.299982
Peter_Greenaway_,144583.000000,0.893627,126.639494
Peter_Harrison_,129189.000000,1.304409,148.382141
Peter_Hillary_,130558.000000,0.972908,121.641508
Peter_Struck_,136875.000000,1.042864,95.593254
Petria_Thomas_,120902.000000,1.021286,104.392832
Petro_Symonenko_,104737.000000,0.341265,105.320890
Phan_Van_Khai_,77195.000000,0.321487,141.382458
Phil_Gramm_,128592.000000,1.168435,140.346363
Phil_Mickelson_,87119.000000,0.847641,129.583170
Phil_Vassar_,116987.000000,0.828914,150.604816
Philippe_Noiret_,0.000000,0.832427,149.137337
Pierce_Brosnan_,144018.000000,0.975770,101.064972
Pierre_Boulanger_,0.000000,0.895669,143.964897
Pierre_Pettigrew_,0.000000,0.791705,80.982752
Placido_Domingo_,102418.000000,1.269518,136.138426
Prince_Charles_,121243.500000,0.800761,82.189266
Prince_Claus_,112809.000000,0.513803,93.001942
Prince_Edward_,0.000000,0.693472,142.564205
Prince_Harry_,100482.000000,0.668430,106.890020
Prince_Naruhito_,111317.000000,0.839180,124.637794
Prince_Willem-Alexander_,157641.000000,0.918007,146.506716
Prince_William_,144761.000000,0.488442,149.461624
Princess_Aiko_,102886.250000,0.772901,112.343866
Princess_Anne_,120185.000000,0.356694,112.902155
Princess_Caroline_,98268.000000,1.079859,144.529526
Princess_Elisabeth_,117746.500000,1.118450,82.234907
Princess_Masako_,134890.000000,0.398485,140.599716
Priscilla_Owen_,117448.000000,0.661623,113.691313
Priscilla_Presley_,133593.000000,0.765240,118.506124
Pupi_Avati_,143167.500000,0.470975,71.145508
Queen_Beatrix_,116527.000000,0.322568,79.125917
Queen_Elizabeth_II_,116664.000000,1.054285,130.820791
Queen_Latifah_,85498.500000,0.565329,101.147894
Queen_Rania_,106254.000000,0.831987,97.115345
Rachel_Griffiths_,121244.000000,0.942720,127.726200
Rachel_Hunter_,128164.333333,0.563651,127.900934
Rafael_Ramirez_,125861.000000,0.508637,114.115107
Raghad_Saddam_Hussein_,144202.000000,0.835872,120.144073
Rainer_Schuettler_,135536.000000,0.505656,129.827608
Ralf_Schumacher_,147218.500000,0.769751,138.464067
Ralph_Firman_,155922.000000,0.508653,147.196297
Ralph_Klein_,138932.000000,1.059968,105.743666
Ralph_Lauren_,0.000000,0.584131,113.661451
Ranil_Wickremasinghe_,131961.500000,0.755803,181.398842
Raoul_Ruiz_,129915.500000,0.686983,123.941797
Raquel_Welch_,114794.500000,0.599263,108.308565
Ray_Allen_,137984.000000,0.888158,158.987072
Ray_Nagin_,115051.000000,1.109652,114.778288
Ray_Romano_,166040.000000,0.948484,135.882349
Raymond_Odierno_,142038.000000,1.234343,125.958658
Rebecca_Romijn-Stamos_,128583.000000,0.906560,69.816824
Recep_Tayyip_Erdogan_,136889.500000,0.464013,121.547647
Reese_Witherspoon_,153178.000000,1.011164,71.831139
Reggie_Miller_,105751.000000,0.906378,144.166008
Renee_Zellweger_,148115.000000,1.040279,146.239601
Ricardo_Lagos_,90997.500000,0.890787,106.449095
Ricardo_Lopez_Murphy_,95134.500000,0.834291,90.678577
Ricardo_Maduro_,129525.000000,1.390213,174.920807
Ricardo_Monasterio_,74596.000000,0.605698,129.457214
Ricardo_Sanchez_,150128.000000,1.095283,111.770432
Rich_Gannon_,119743.000000,0.862223,130.626127
Richard_Armitage_,131607.000000,1.082058,83.930996
Richard_Branson_,129010.000000,0.707371,90.399982
Richard_Butler_,165102.000000,0.738992,122.705187
Richard_Crenna_,150576.000000,0.370921,125.531340
Richard_Gephardt_,110737.000000,0.737430,154.385811
Richard_Gere_,137082.666667,0.596960,122.545544
Richard_Haass_,149021.000000,0.809100,134.653971
Richard_Krajicek_,103899.000000,0.566591,139.883451
Richard_Myers_,131219.000000,1.247051,108.123011
Richard_Norton-Taylor_,92391.000000,0.556096,113.277756
Richard_Sambrook_,115860.000000,0.475908,135.873144
Richard_Shelby_,124285.000000,1.178533,117.648119
Richard_Virenque_,96799.500000,1.371358,145.079788
Richie_Adubato_,135375.500000,0.682427,125.948978
Rick_Barnes_,139842.500000,0.695946,115.562754
Rick_Carlisle_,135311.000000,1.052944,112.676445
Rick_Dinse_,110234.500000,0.876604,138.412115
Rick_Perry_,155683.000000,0.690710,115.327934
Rick_Pitino_,117051.000000,1.039993,120.455248
Rick_Romley_,124096.500000,1.154373,96.986729
Rick_Santorum_,114742.000000,0.353280,138.614668
Rick_Stansbury_,122880.000000,1.101396,129.796988
Rick_Wagoner_,137255.500000,0.869498,110.609386
Ricky_Barnes_,148794.000000,1.392619,128.100719
Ricky_Martin_,0.000000,0.690948,137.728243
Ricky_Ponting_,152299.000000,1.082633,167.145061
Rio_Ferdinand_,186646.000000,0.462532,148.856470
Rita_Grande_,118730.500000,1.255772,141.134211
Rita_Moreno_,105733.250000,0.375349,115.712030
Rita_Wilson_,156869.000000,0.712050,127.173481
Rob_Lowe_,149151.000000,1.178977,110.127224
Rob_Marshall_,156450.000000,1.079633,116.933161
Rob_Schneider_,121945.000000,0.466236,142.096029
Robbie_Fowler_,112939.000000,1.054401,135.413643
Robbie_Williams_,131932.000000,0.532732,122.006138
Robby_Ginepri_,136802.000000,1.184862,151.582439
Robert_Blackwill_,0.000000,0.894528,98.536278
Robert_Blake_,132017.000000,0.602738,96.084982
Robert_Bonner_,133942.333333,0.515951,145.169676
Robert_Bullock_,113356.000000,1.032401,112.243341
Robert_DeFraites_,144552.000000,0.473187,125.119946
Robert_De_Niro_,117901.000000,0.992975,106.884579
Robert_Duvall_,128498.250000,0.226752,104.908678
Robert_Ehrlich_,127788.000000,1.307143,134.760159
Robert_Evans_,126426.000000,0.658199,127.876497
Robert_Fico_,0.000000,0.534828,122.423635
Robert_Horan_,0.000000,0.558505,117.788376
Robert_Kocharian_,104015.000000,0.295061,118.652302
Robert_Mueller_,136344.333333,0.395250,128.908745
Robert_Mugabe_,106317.000000,0.624567,174.718157
Robert_Redford_,155197.000000,0.983999,133.350634
Robert_Stack_,149451.500000,0.476984,116.929581
Robert_Torricelli_,86848.000000,0.322787,143.079638
Robert_Witt_,118879.000000,0.930717,119.672037
Robert_Zoellick_,154152.333333,0.714340,108.564898
Roberto_Benigni_,89830.500000,1.085531,120.139891
Roberto_Carlos_,137128.000000,0.472896,159.959316
Roberto_Marinho_,113648.500000,1.193167,102.459806
Robin_Cook_,150507.000000,0.744939,135.688398
Robin_McLaurin_Williams_,115107.000000,0.586934,137.890341
Robinson_Stevenin_,119061.000000,1.017638,136.104755
Rod_Blagojevich_,133973.000000,1.098240,109.060040
Rod_Stewart_,121657.500000,0.472868,128.640091
Rodrigo_Borja_,0.000000,0.696408,129.975176
Roger_Clemens_,147975.000000,0.950593,139.015005
Roger_Federer_,139241.000000,0.928149,140.578415
Roger_Moore_,126130.000000,1.001679,111.982498
Rogerio_Romero_,0.000000,0.585219,120.363516
Roh_Moo-hyun_,114911.000000,0.887303,83.286947
Rolandas_Paksas_,128088.000000,0.848179,89.924603
Rolf_Eckrodt_,109066.000000,1.057939,117.729870
Roman_Polanski_,101728.000000,0.340871,85.544250
Romano_Prodi_,145508.000000,0.875624,122.206327
Ron_Dittemore_,143704.000000,1.002273,132.738966
Ron_Howard_,111231.666667,0.575365,99.444555
Ronald_Reagan_,134542.000000,0.716676,137.807253
Ronaldo_Luis_Nazario_de_Lima_,105376.000000,1.027478,109.486837
Roseanne_Barr_,96543.500000,0.937456,149.696470
Rosemarie_Stack_,129664.333333,0.960791,149.370014
Roy_Jones_Jr_,0.000000,0.526696,138.320490
Roy_Moore_,104498.000000,1.252926,131.249895
Roy_Williams_,140093.800000,0.762264,142.693619
Ruben_Studdard_,0.000000,0.685171,164.147335
Rubens_Barrichello_,83301.000000,0.616445,152.541500
Rudolph_Giuliani_,111093.750000,0.692344,124.120289
Rupert_Grint_,156182.000000,0.918162,72.437969
Rupert_Murdoch_,114683.000000,1.218212,132.732101
Russell_Coutts_,0.000000,0.547777,140.784674
Russell_Crowe_,160844.000000,0.869997,138.774485
Russell_Simmons_,144716.000000,0.502943,159.275234
Ruth_Dreifuss_,110804.000000,1.040170,124.452406
Ruth_Harlow_,140072.000000,1.151439,140.347708
S_Jayakumar_,143732.000000,0.735126,167.081532
Saburo_Kawabuchi_,128994.000000,0.627807,119.240822
Sachiko_Yamada_,141483.500000,0.763852,128.350075
Saddam_Hussein_,173561.000000,1.172365,124.659555
Sadie_Frost_,83702.000000,0.184055,105.984253
Saeb_Erekat_,120567.500000,1.530579,180.073172
Sally_Field_,117399.500000,0.576260,113.378559
Sally_Kirkland_,114187.000000,1.300929,128.228491
Sally_Ride_,122182.500000,0.574141,106.443655
Salma_Hayek_,125098.600000,0.868637,103.352835
Salman_Rushdie_,171788.000000,0.836270,128.023853
Sam_Bith_,114041.000000,0.430037,122.594053
Sam_Mendes_,141142.000000,0.397193,133.850197
Sam_Torrance_,130970.000000,1.001344,186.415506
Samira_Makhmalbaf_,135253.500000,0.877276,127.486973
Sammy_Sosa_,128691.000000,0.723547,155.577681
Samuel_Waksal_,145213.000000,1.153305,138.366934
Sandra_Bullock_,113978.500000,0.610038,84.297382
Saparmurat_Niyazov_,99955.000000,0.952654,114.778362
Sarah_Hughes_,132033.000000,0.526619,141.524191
Sarah_Jessica_Parker_,104098.500000,0.418982,108.834259
Sarah_Michelle_Gellar_,131338.666667,0.695223,113.811850
Scott_McClellan_,153962.000000,0.488478,134.222841
Scott_McNealy_,164792.000000,0.554250,130.173260
Scott_Peterson_,119630.000000,0.618397,147.718157
Scott_Ritter_,154012.000000,0.555214,105.533295
Scott_Rudin_,150620.000000,1.069801,137.744837
Scott_Sullivan_,157210.750000,0.935347,119.358183
Scott_Wolf_,113176.250000,0.493831,92.103994
Sean_Astin_,126919.666667,0.672745,127.244757
Sean_Hayes_,157016.000000,1.141234,115.114592
Sean_OKeefe_,81978.000000,0.279619,130.345472
Sean_Patrick_OMalley_,99713.000000,1.113659,147.724846
Sean_Penn_,122298.000000,0.469457,121.528620
Sebastian_Saja_,115740.000000,0.552080,174.269661
Sebastien_Grosjean_,57862.000000,0.965778,141.949854
Sepp_Blatter_,111889.000000,1.200141,156.954205
Serena_Williams_,112298.000000,0.812511,145.198034
Sergei_Ivanov_,136023.000000,0.778032,114.774698
Sergey_Lavrov_,124464.000000,0.885156,149.495415
Sergio_Garcia_,141684.000000,0.680566,133.279322
Sergio_Vieira_De_Mello_,165114.000000,1.346433,118.984510
Shane_Mosley_,141933.000000,0.631227,180.024887
Shane_Warne_,0.000000,0.267830,104.964640
Shannon_OBrien_,165061.500000,1.066123,116.960333
Sharon_Davis_,109306.333333,0.277955,120.321852
Sharon_Frey_,0.000000,0.813356,142.417999
Sharon_Osbourne_,113791.000000,0.734250,131.546753
Sharon_Stone_,148712.500000,0.777314,162.382240
Shaukat_Aziz_,145595.000000,0.691459,127.432610
Shaul_Mofaz_,122968.000000,0.883125,125.143082
Sheila_Copps_,86477.000000,0.637263,99.017197
Sheila_Fraser_,140264.000000,0.996619,98.581196
Sheila_Wellstone_,142985.000000,0.910211,145.910023
Sheryl_Crow_,162745.000000,0.860458,105.532784
Shia_LaBeouf_,85183.000000,1.021597,97.682156
Shimon_Peres_,83776.000000,0.916107,77.382259
Sila_Calderon_,136962.000000,0.874950,103.889734
Silvan_Shalom_,101889.000000,1.132850,94.255133
Silvia_Farina_Elia_,134253.000000,0.654877,103.623734
Silvio_Berlusconi_,131441.000000,1.037041,141.417669
Silvio_Fernandez_,111422.000000,0.975611,181.228233
Simon_Cowell_,0.000000,0.610905,97.589827
Slobodan_Milosevic_,0.000000,0.883837,125.862019
Sonia_Gandhi_,97170.500000,0.879148,135.650034
Sophia_Loren_,92420.333333,0.294620,106.692997
Sourav_Ganguly_,113971.000000,0.698497,184.081572
Spencer_Abraham_,126870.000000,0.382725,105.223940
Stacy_Dragila_,0.000000,0.973867,131.000370
Stan_Heath_,140557.500000,0.618554,168.503817
Stanley_McChrystal_,122760.000000,0.850737,123.925457
Stanley_Tong_,174019.000000,0.982728,105.848890
Stefano_Accorsi_,105063.000000,0.915432,126.580009
Steffi_Graf_,144827.000000,0.450942,165.982672
Stellan_Skarsgard_,143605.500000,0.936081,135.202456
Stephen_Ambrose_,0.000000,0.761741,87.280561
Stephen_Daldry_,118445.000000,1.033758,128.215673
Stephen_Friedman_,119663.000000,0.683738,114.372969
Steve_Backley_,103476.000000,0.770993,172.535707
Steve_Ballmer_,131597.000000,1.190707,89.321594
Steve_Lavin_,96291.750000,0.372002,99.060350
Steve_Mariucci_,117665.000000,1.125182,121.765877
Steve_Nash_,138818.000000,0.673444,141.518726
Steve_Park_,129007.000000,0.699651,130.609579
Steve_Spurrier_,108561.000000,1.173032,134.902210
Steve_Waugh_,118427.000000,0.370123,77.992556
Steven_Hatfill_,122540.000000,0.729268,94.237017
Steven_Seagal_,0.000000,1.117024,111.896900
Steven_Spielberg_,87449.000000,0.896179,101.129591
Stockard_Channing_,121032.333333,0.667099,134.131943
Strom_Thurmond_,103717.500000,0.829311,103.082977
Sue_Wicks_,0.000000,1.373577,136.630762
Surakait_Sathirathai_,110858.000000,1.084460,98.723852
Susan_Collins_,106983.000000,0.717952,140.519873
Susan_Sarandon_,95065.000000,1.006551,113.029995
Susie_Castillo_,129405.000000,0.705612,150.843357
Susilo_Bambang_Yudhoyono_,144261.000000,0.630666,155.366787
Suzanne_Gaudet_,155374.000000,0.461757,107.632000
Svetlana_Koroleva_,113251.250000,0.516620,99.085844
Sylvester_Stallone_,106232.000000,0.283718,118.205727
Taha_Yassin_Ramadan_,93155.500000,0.331516,109.439421
Takashi_Sorimachi_,123049.000000,0.607889,129.136875
Tamara_Brooks_,152918.500000,0.823163,119.527725
Tammy_Lynn_Michaels_,0.000000,0.821000,91.926184
Tang_Jiaxuan_,141279.666667,0.432339,115.547035
Tariq_Aziz_,119374.500000,0.806757,131.639423
Tassos_Papadopoulos_,112624.000000,0.985457,137.256065
Taufik_Hidayat_,123043.500000,1.073200,142.009748
Ted_Maher_,0.000000,1.088692,90.874395
Terje_Roed-Larsen_,144430.500000,0.656271,138.216064
Terrell_Suggs_,149973.333333,0.811996,180.438068
Terry_McAuliffe_,109495.500000,1.457543,131.661484
Terry_Stotts_,117422.000000,0.847789,136.979208
Thabo_Mbeki_,130056.000000,0.651655,152.429182
Thaksin_Shinawatra_,98797.000000,1.216504,116.487274
Theo_Epstein_,0.000000,1.056809,159.039501
Theodore_Tweed_Roosevelt_,80447.000000,1.086233,149.384966
Theresa_May_,129755.000000,0.453573,133.916611
Thierry_Falise_,128774.500000,0.839024,106.596338
Thomas_Birmingham_,99826.250000,0.425010,170.697163
Thomas_Bjorn_,153787.000000,1.168079,127.292557
Thomas_Fargo_,138541.000000,0.505484,96.284700
Thomas_Malchow_,0.000000,0.859061,108.838400
Thomas_OBrien_,83306.000000,0.580397,91.871424
Thomas_Rupprath_,99033.000000,0.877364,136.693985
Thomas_Wyman_,119244.000000,1.173660,126.953955
Tiger_Woods_,136553.000000,0.836817,153.192698
Tim_Allen_,126951.000000,1.048120,85.452688
Tim_Chapman_,125176.000000,0.917741,132.424509
Tim_Conway_,113123.000000,0.498621,126.069658
Tim_Curry_,95784.500000,0.659899,116.898380
Tim_Duncan_,77847.000000,0.754848,156.260035
Tim_Floyd_,118475.000000,1.211255,119.730606
Tim_Henman_,108784.000000,0.812589,137.369366
Tim_Robbins_,125233.666667,0.481621,92.948730
Tippi_Hedren_,111561.000000,0.725301,106.241287
Todd_Haynes_,126616.000000,1.094298,128.284517
Tom_Brady_,107228.500000,0.753012,137.871824
Tom_Coverdale_,159137.000000,1.160425,148.353872
Tom_Craddick_,128617.500000,1.171236,119.358482
Tom_Crean_,113164.000000,0.662488,148.013823
Tom_Cruise_,118773.000000,0.746468,128.718307
Tom_Daschle_,130406.000000,1.227908,111.574062
Tom_Glavine_,98637.500000,0.572292,101.801910
Tom_Hanks_,116636.000000,0.730014,127.742079
Tom_Harkin_,97864.833333,0.536632,98.000862
Tom_Jones_,121899.000000,1.053790,144.524181
Tom_Reilly_,153357.000000,0.998514,124.465971
Tom_Ridge_,108849.333333,1.138992,101.299416
Tom_Watson_,88505.500000,1.095380,128.653921
Tommy_Franks_,120754.500000,0.885142,129.200268
Tommy_Haas_,121804.000000,1.060310,116.648430
Tommy_Robredo_,158631.000000,1.058896,126.340582
Tommy_Thompson_,83985.500000,0.579641,111.729628
Tomoko_Hagiwara_,126192.000000,0.834413,133.130814
Toni_Braxton_,106559.000000,0.414496,148.443579
Tony_Bennett_,126548.000000,0.881076,103.567122
Tony_Blair_,130002.000000,1.291651,119.649727
Tony_Curtis_,118984.000000,0.597053,117.804127
Tony_Parker_,125723.000000,0.774295,147.305729
Tony_Shalhoub_,106011.500000,0.267528,140.176167
Tony_Stewart_,142977.000000,0.274066,112.720602
Torri_Edwards_,121958.000000,0.839214,133.392908
Toshihiko_Fukui_,113729.500000,0.778736,126.434790
Tracee_Ellis_Ross_,122943.000000,0.648650,128.731400
Tracy_McGrady_,138321.000000,0.796424,153.927975
Trent_Lott_,122284.000000,0.512247,130.672928
Tsutomu_Takebe_,132136.000000,0.945850,120.730595
Tubby_Smith_,104820.500000,1.064831,157.883944
Tung_Chee-hwa_,108740.000000,0.733235,168.422495
Tyler_Hamilton_,0.000000,0.769342,155.216114
Tyra_Banks_,71824.000000,0.484596,174.688477
Tyron_Garner_,117730.000000,0.950087,154.760147
Uma_Thurman_,110100.000000,0.708479,131.864517
Vaclav_Havel_,108748.500000,1.118460,141.046194
Vaclav_Klaus_,0.000000,0.484461,80.957809
Valdas_Adamkus_,109711.000000,0.883555,121.735331
Valentino_Rossi_,131611.000000,0.912148,165.020323
Valerie_Harper_,72347.000000,0.280573,116.212492
Valery_Giscard_dEstaing_,161029.000000,0.602357,126.708891
Vanessa_Incontrada_,139418.000000,1.035154,93.871191
Vanessa_Redgrave_,152187.500000,0.686470,95.310957
Vanessa_Williams_,98142.500000,0.401497,105.237211
Venus_Williams_,133451.000000,0.982411,186.204538
Vicente_Fernandez_,113443.000000,1.119569,137.377039
Vicente_Fox_,175978.000000,0.924410,88.546278
Vicki_Zhao_Wei_,119063.750000,0.554916,110.759180
Victoria_Beckham_,121177.000000,1.082189,132.758078
Victoria_Clarke_,99741.000000,0.293920,145.828066
Vidar_Helgesen_,125056.000000,0.976665,138.437645
Vin_Diesel_,115421.666667,0.516394,145.364071
Vince_Carter_,134824.000000,0.850625,114.670881
Vince_Gill_,125993.000000,0.661285,109.302927
Vincent_Brooks_,138785.000000,0.966022,165.795105
Vincent_Gallo_,139781.000000,0.499491,118.833818
Vitali_Klitschko_,84163.000000,1.104185,139.401857
Vivica_Fox_,80617.000000,0.516039,151.325300
Vladimir_Putin_,69126.000000,0.634897,140.506407
Vladimir_Spidla_,102264.000000,0.988390,141.839331
Vladimir_Voltchkov_,126938.000000,1.020480,152.927568
Vladimiro_Montesinos_,97728.500000,0.466315,130.474625
Vojislav_Kostunica_,114672.000000,0.997692,149.840263
Walter_Mondale_,127787.333333,0.460920,145.271654
Wang_Yi_,102573.000000,0.914690,140.397396
Wang_Yingfan_,150961.000000,0.893118,91.272932
Warren_Beatty_,123732.000000,0.474435,132.656635
Warren_Buffett_,121264.000000,1.144988,112.483938
Wayne_Ferreira_,148713.000000,1.052593,135.899185
Wayne_Gretzky_,89726.000000,0.969057,114.190414
Wen_Jiabao_,139566.000000,0.750154,106.066786
Wesley_Clark_,109167.000000,0.579040,155.318089
Will_Smith_,150981.333333,0.901486,136.976109
William_Bratton_,157120.000000,1.088629,142.963015
William_Bulger_,127171.666667,1.104871,123.014383
William_Burns_,127917.000000,0.877007,141.312197
William_Donaldson_,121207.000000,0.378304,144.322777
William_Ford_Jr_,133416.500000,0.881663,117.474867
William_Hochul_,140056.500000,1.208637,147.816250
William_Macy_,133554.200000,0.939551,103.876692
William_Martin_,118544.000000,0.862396,109.060089
William_Rehnquist_,168830.000000,0.709994,129.684643
Win_Aung_,170491.000000,0.369925,119.869925
Winona_Ryder_,145757.500000,1.378894,113.607178
Wolfgang_Schuessel_,123188.000000,0.590714,109.348289
Woody_Allen_,106390.500000,0.622206,150.539268
Wu_Yi_,110533.000000,0.696035,91.142729
Xanana_Gusmao_,112337.000000,1.208504,126.927977
Xavier_Malisse_,107287.000000,1.129356,141.058239
Yann_Martel_,159195.000000,0.387861,103.451014
Yao_Ming_,108041.000000,0.815722,130.480961
Yasar_Yakis_,71483.000000,0.711535,155.219954
Yashwant_Sinha_,73114.000000,0.680793,131.581388
Yasser_Arafat_,140239.000000,0.858269,102.310888
Yevgeny_Kafelnikov_,144617.000000,0.718746,133.257864
Yoko_Ono_,112973.000000,0.572787,140.775431
Yoriko_Kawaguchi_,135086.000000,0.622159,94.630695
Yossi_Beilin_,165246.000000,1.012540,158.329290
Yu_Shyi-kun_,151804.000000,0.378970,125.689148
Yukiko_Okudo_,127796.000000,1.373272,99.308784
Yuri_Fedotov_,151885.000000,0.725689,125.327618
Yuri_Malenchenko_,67781.500000,0.489058,94.293324
Zafarullah_Khan_Jamali_,108766.000000,1.234315,132.488993
Zarai_Toledo_,114177.000000,0.940547,127.877934
Zhang_Wenkang_,0.000000,0.835230,122.424782
Zhang_Ziyi_,122260.000000,1.302972,100.762093
Zhu_Rongji_,99396.000000,0.496847,116.205687
Zico_,103122.500000,0.751788,114.982229
Zinedine_Zidane_,142680.000000,0.834951,118.193808
Zoran_Djindjic_,175649.000000,0.956158,122.154850
