Name,Max Rank,Frequency in fused tables,Percentage,Sum,,Max Rank,Sum,Cumulative
Aaron_Sorkin_,1,138,8.21429,44.88098,,0,0,0
Abdel_Nasser_Assidi_,1,436,25.9524,,,1,44.88098,44.88098
Abdullatif_Sener_,1,62,3.69048,,,2,2.202379,47.083359
Adolfo_Rodriguez_Saa_,1,118,7.02381,,,3,0.2380956,47.3214546
George_HW_Bush_,1,0,0,,,4,0,47.3214546
Margaret_Thatcher_,1,0,0,,,5,3.5714338,50.8928884
Rupert_Grint_,1,0,0,,,6,0.2380948,51.1309832
Adrian_Nastase_,2,4,0.238095,2.202379,,7,0,51.1309832
Ahmad_Masood_,2,2,0.119048,,,8,0,51.1309832
Alberto_Fujimori_,2,0,0,,,9,0,51.1309832
Aldo_Paredes_,2,0,0,,,10,0,51.1309832
Richard_Armitage_,2,19,1.13095,,,11,0,51.1309832
Sophia_Loren_,2,12,0.714286,,,12,0,51.1309832
Al_Davis_,3,0,0,0.2380956,,13,0,51.1309832
Alberto_Ruiz_Gallardon_,3,1,0.0595238,,,14,0.0595238,51.190507
Albrecht_Mentz_,3,0,0,,,15,0.0595238,51.2500308
Alimzhan_Tokhtakhounov_,3,0,0,,,16,0.476191,51.7262218
Ana_Palacio_,3,1,0.0595238,,,17,0,51.7262218
Brian_Cowen_,3,2,0.119048,,,18,0.119048,51.8452698
Thaksin_Shinawatra_,4,0,0,0,,19,0,51.8452698
Anthony_LaPaglia_,5,4,0.238095,3.5714338,,20,0,51.8452698
Christian_Wulff_,5,7,0.416667,,,21,0.1785718,52.0238416
JK_Rowling_,5,46,2.7381,,,22,0,52.0238416
Michael_Jackson_,5,2,0.119048,,,23,0.119048,52.1428896
Michael_Winterbottom_,5,1,0.0595238,,,24,0.0595238,52.2024134
Gillian_Anderson_,6,1,0.0595238,0.2380948,,25,0,52.2024134
Rebecca_Romijn-Stamos_,6,3,0.178571,,,26,0,52.2024134
Hillary_Clinton_,7,0,0,0,,27,0.0595238,52.2619372
Meryl_Streep_,8,0,0,0,,28,0,52.2619372
Robin_McLaurin_Williams_,9,0,0,0,,29,0,52.2619372
Pupi_Avati_,10,0,0,0,,30,0,52.2619372
Franz_Muentefering_,11,0,0,0,,31,0,52.2619372
Julio_Iglesias_Jr_,11,0,0,,,32,0.1190476,52.3809848
Reese_Witherspoon_,12,0,0,0,,33,0.0595238,52.4405086
Jeanne_Moreau_,13,0,0,0,,34,0,52.4405086
Annette_Lu_,14,1,0.0595238,0.0595238,,35,0,52.4405086
Jim_Hahn_,14,0,0,,,36,0,52.4405086
Bono_,15,0,0,0.0595238,,37,0.0595238,52.5000324
Jessica_Lynch_,15,0,0,,,38,0,52.5000324
Mohammed_Baqir_al-Hakim_,15,1,0.0595238,,,39,0,52.5000324
Antonio_Trillanes_,16,6,0.357143,0.476191,,40,0.357143,52.8571754
Elvis_Presley_,16,2,0.119048,,,41,0,52.8571754
Thomas_OBrien_,17,0,0,0,,42,0,52.8571754
Julia_Tymoshenko_,18,2,0.119048,0.119048,,43,0,52.8571754
Lynn_Redgrave_,18,0,0,,,44,0.0595238,52.9166992
Pamela_Anderson_,18,0,0,,,45,0,52.9166992
Billy_Crystal_,19,0,0,0,,46,0,52.9166992
Heath_Ledger_,19,0,0,,,47,0,52.9166992
Frank_Solich_,20,0,0,0,,48,0.1190476,53.0357468
Shimon_Peres_,21,0,0,0.1785718,,49,0.0595238,53.0952706
Steve_Waugh_,21,2,0.119048,,,50,0,53.0952706
Zhu_Rongji_,21,1,0.0595238,,,51,0.0595238,53.1547944
Martha_Stewart_,22,0,0,0,,52,0.178571,53.3333654
Dennis_Kozlowski_,23,0,0,0.119048,,53,0,53.3333654
Javier_Solana_,23,2,0.119048,,,54,0.0595238,53.3928892
Naji_Sabri_,23,0,0,,,55,0.0595238,53.452413
Angela_Lansbury_,24,1,0.0595238,0.0595238,,56,0,53.452413
Marcus_Gronholm_,25,0,0,0,,57,0,53.452413
Queen_Beatrix_,25,0,0,,,58,0,53.452413
Cate_Blanchett_,27,0,0,0.0595238,,59,0.0595238,53.5119368
Donald_Rumsfeld_,27,1,0.0595238,,,60,0.238095,53.7500318
Mary-Kate_Olsen_,28,0,0,0,,61,0,53.7500318
Renee_Zellweger_,28,0,0,,,62,0.0595238,53.8095556
David_Caruso_,30,0,0,0,,63,0.0595238,53.8690794
Vaclav_Klaus_,30,0,0,,,64,0,53.8690794
Heidi_Klum_,31,0,0,0,,65,0,53.8690794
Herta_Daeubler-Gmelin_,31,0,0,,,66,0,53.8690794
Lana_Clarkson_,32,1,0.0595238,0.1190476,,67,0,53.8690794
Prince_Charles_,32,1,0.0595238,,,68,0.416667,54.2857464
Andy_Hebb_,33,0,0,0.0595238,,69,0.0595238,54.3452702
Chang_Dae-whan_,33,0,0,,,70,0,54.3452702
Princess_Elisabeth_,33,1,0.0595238,,,71,0,54.3452702
Chakib_Khelil_,36,0,0,0,,72,0,54.3452702
George_Robertson_,36,0,0,,,73,0,54.3452702
Dick_Cheney_,37,1,0.0595238,0.0595238,,74,0,54.3452702
George_Clooney_,37,0,0,,,75,0,54.3452702
Katie_Harman_,37,0,0,,,76,0.238095,54.5833652
Stanley_Tong_,37,0,0,,,77,0,54.5833652
Christopher_Reeve_,39,0,0,0,,78,0,54.5833652
Bob_Hope_,40,6,0.357143,0.357143,,79,0.0595238,54.642889
Scott_Sullivan_,40,0,0,,,80,0,54.642889
John_McCain_,41,0,0,0,,81,0,54.642889
Roh_Moo-hyun_,41,0,0,,,82,0.0595238,54.7024128
Sandra_Bullock_,43,0,0,0,,83,0,54.7024128
Ferenc_Madl_,44,1,0.0595238,0.0595238,,84,0,54.7024128
Gonzalo_Sanchez_de_Lozada_,44,0,0,,,85,0.1190476,54.8214604
Angela_Merkel_,47,0,0,0,,86,0,54.8214604
Brigitte_Boisselier_,48,0,0,0.1190476,,87,0,54.8214604
Heather_Mills_,48,1,0.0595238,,,88,0,54.8214604
Tim_Allen_,48,1,0.0595238,,,89,0,54.8214604
Martin_Sheen_,49,1,0.0595238,0.0595238,,90,0,54.8214604
Roman_Polanski_,49,0,0,,,91,0,54.8214604
Lech_Walesa_,51,1,0.0595238,0.0595238,,92,0,54.8214604
Kenneth_Branagh_,52,3,0.178571,0.178571,,93,0,54.8214604
Kate_Winslet_,53,0,0,0,,94,0,54.8214604
Elizabeth_Shue_,54,1,0.0595238,0.0595238,,95,0.178571,55.0000314
John_Malkovich_,55,1,0.0595238,0.0595238,,96,0.119048,55.1190794
Amanda_Bynes_,57,0,0,0,,97,0.0595238,55.1786032
Jean-Claude_Braquet_,57,0,0,,,98,0,55.1786032
Stephen_Ambrose_,58,0,0,0,,99,0.119048,55.2976512
Edward_Norton_,59,1,0.0595238,0.0595238,,100,0,55.2976512
Martin_Brodeur_,59,0,0,,,101,0,55.2976512
Inam-ul-Haq_,60,4,0.238095,0.238095,,102,0.0595238,55.357175
Joseph_Ralston_,62,1,0.0595238,0.0595238,,103,0,55.357175
Elizabeth_Taylor_,63,1,0.0595238,0.0595238,,104,0.0595238,55.4166988
Paul_McNulty_,65,0,0,0,,105,0.119048,55.5357468
Vicente_Fox_,65,0,0,,,106,0.238095,55.7738418
Gwyneth_Paltrow_,67,0,0,0,,107,0.0595238,55.8333656
Celso_Amorim_,68,5,0.297619,0.416667,,108,0,55.8333656
Elisabeth_Schumacher_,68,2,0.119048,,,109,0.119048,55.9524136
Lee_Jun_,68,0,0,,,110,0,55.9524136
Mariana_Pollack_,69,0,0,0.0595238,,111,0.0595238,56.0119374
Michael_Bloomberg_,69,1,0.0595238,,,112,0,56.0119374
Maggie_Smith_,72,0,0,0,,113,0,56.0119374
Steve_Ballmer_,72,0,0,,,114,0,56.0119374
Art_Hoffmann_,74,0,0,0,,115,0,56.0119374
Milo_Djukanovic_,74,0,0,,,116,0,56.0119374
Valdas_Adamkus_,75,0,0,0,,117,0,56.0119374
Calista_Flockhart_,76,4,0.238095,0.238095,,118,0.178571,56.1905084
Rolandas_Paksas_,78,0,0,0,,119,0.119048,56.3095564
Christine_Gregoire_,79,1,0.0595238,0.0595238,,120,0,56.3095564
Richard_Branson_,79,0,0,,,121,0,56.3095564
Michel_Duclos_,80,0,0,0,,122,0.0595238,56.3690802
Princess_Aiko_,81,0,0,0,,123,0,56.3690802
Patrick_Roy_,82,1,0.0595238,0.0595238,,124,0,56.3690802
Ricardo_Lopez_Murphy_,83,0,0,0,,125,0.297619,56.6666992
Bob_Colvin_,85,1,0.0595238,0.1190476,,126,0,56.6666992
Leslie_Ann_Woodward_,85,0,0,,,127,0,56.6666992
Mikhail_Kasyanov_,85,1,0.0595238,,,128,0,56.6666992
Tom_Glavine_,85,0,0,,,129,0,56.6666992
Ted_Maher_,87,0,0,0,,130,0.119048,56.7857472
Wu_Yi_,89,0,0,0,,131,0.0595238,56.845271
Lars_Von_Trier_,90,0,0,0,,132,0,56.845271
Wang_Yingfan_,90,0,0,,,133,0.0595238,56.9047948
George_Ryan_,91,0,0,0,,134,0.238095,57.1428898
Jessica_Lange_,91,0,0,,,135,0.0595238,57.2024136
Hassan_Wirajuda_,92,0,0,0,,136,0,57.2024136
Maureen_Fanning_,95,0,0,0.178571,,137,0.119048,57.3214616
Minnie_Driver_,95,3,0.178571,,,138,0,57.3214616
Scott_Wolf_,96,2,0.119048,0.119048,,139,0.238095,57.5595566
Oleksandr_Moroz_,97,1,0.0595238,0.0595238,,140,0,57.5595566
Lee_Tae-sik_,98,0,0,0,,141,0,57.5595566
Steven_Seagal_,98,0,0,,,142,0.2380956,57.7976522
Tim_Robbins_,99,2,0.119048,0.119048,,143,0,57.7976522
Prince_Claus_,100,0,0,0,,144,0.119048,57.9167002
Bill_Gates_,102,0,0,0.0595238,,145,0.119048,58.0357482
Nabil_Shaath_,102,1,0.0595238,,,146,0.178571,58.2143192
Jean-Sebastien_Giguere_,104,1,0.0595238,0.0595238,,147,0,58.2143192
Chris_Cooper_,105,2,0.119048,0.119048,,148,0,58.2143192
Kim_Clijsters_,105,0,0,,,149,0,58.2143192
John_Warner_,106,0,0,0.238095,,150,0.119048,58.3333672
Mike_Helton_,106,4,0.238095,,,151,0,58.3333672
Jan_Ullrich_,107,1,0.0595238,0.0595238,,152,0,58.3333672
Maria_Soledad_Alvear_Valenzuela_,108,0,0,0,,153,0,58.3333672
Eric_Clapton_,109,2,0.119048,0.119048,,154,0,58.3333672
Rick_Wagoner_,111,0,0,0.0595238,,155,0,58.3333672
Vanessa_Incontrada_,111,1,0.0595238,,,156,0,58.3333672
Ian_Thorpe_,112,0,0,0,,157,0,58.3333672
Claudia_Schiffer_,113,0,0,0,,158,0.0595238,58.392891
Lord_Hutton_,113,0,0,,,159,0,58.392891
Steven_Hatfill_,113,0,0,,,160,0.0595238,58.4524148
Dick_Latessa_,114,0,0,0,,161,0,58.4524148
Yuri_Malenchenko_,118,3,0.178571,0.178571,,162,0.1190476,58.5714624
Bill_Graham_,119,2,0.119048,0.119048,,163,0,58.5714624
Emile_Lahoud_,119,0,0,,,164,0.0595238,58.6309862
Kate_Capshaw_,119,0,0,,,165,0.0595238,58.69051
Yoriko_Kawaguchi_,120,0,0,0,,166,0.0595238,58.7500338
Kathryn_Bigelow_,121,0,0,0,,167,0,58.7500338
Ariel_Sharon_,122,1,0.0595238,0.0595238,,168,0,58.7500338
John_Rowland_,124,0,0,0,,169,0.119048,58.8690818
Vanessa_Redgrave_,124,0,0,,,170,0,58.8690818
Diane_Green_,125,3,0.178571,0.297619,,171,0,58.8690818
Michael_Kostelnik_,125,0,0,,,172,0.0595238,58.9286056
Peter_Costello_,125,2,0.119048,,,173,0,58.9286056
Elin_Nordegren_,128,0,0,0,,174,0.119048,59.0476536
Wen_Jiabao_,129,0,0,0,,175,0,59.0476536
James_Kelly_,130,2,0.119048,0.119048,,176,0.0595238,59.1071774
Peter_Struck_,130,0,0,,,177,0,59.1071774
Leszek_Miller_,131,1,0.0595238,0.0595238,,178,0,59.1071774
William_Macy_,131,0,0,,,179,0,59.1071774
Duane_Lee_Chapman_,133,0,0,0.0595238,,180,0.0595238,59.1667012
Harvey_Weinstein_,133,1,0.0595238,,,181,0,59.1667012
Jerry_Falwell_,134,0,0,0.238095,,182,0.2380948,59.404796
Robert_Blake_,134,4,0.238095,,,183,0.0595238,59.4643198
Leslie_Moonves_,135,0,0,0.0595238,,184,0,59.4643198
Lindsay_Benko_,135,1,0.0595238,,,185,0.0595238,59.5238436
John_Wolf_,137,2,0.119048,0.119048,,186,0,59.5238436
Doris_Roberts_,138,0,0,0,,187,0,59.5238436
Thomas_Fargo_,139,4,0.238095,0.238095,,188,0.1785718,59.7024154
Edwina_Currie_,140,0,0,0,,189,0.0595238,59.7619392
Jessica_Alba_,142,1,0.0595238,0.2380956,,190,0,59.7619392
Joseph_Blatter_,142,1,0.0595238,,,191,0,59.7619392
Ken_Watanabe_,142,2,0.119048,,,192,0,59.7619392
John_Taylor_,143,0,0,0,,193,0,59.7619392
James_Smith_,144,2,0.119048,0.119048,,194,0,59.7619392
Laura_Linney_,144,0,0,,,195,0.0595238,59.821463
Robert_Ehrlich_,145,2,0.119048,0.119048,,196,0,59.821463
Carson_Daly_,146,3,0.178571,0.178571,,197,0.119048,59.940511
James_Franco_,147,0,0,0,,198,0,59.940511
Queen_Rania_,148,0,0,0,,199,0,59.940511
Choi_Sung-hong_,150,0,0,0.119048,,200,0.119048,60.059559
Rick_Romley_,150,2,0.119048,,,201,0,60.059559
Olesya_Bonabarenko_,151,0,0,0,,202,0.1190476,60.1786066
Debbie_Reynolds_,152,0,0,0,,203,0,60.1786066
Marty_Mornhinweg_,152,0,0,,,204,0,60.1786066
John_Reid_,153,0,0,0,,205,0.119048,60.2976546
Bill_Belichick_,154,0,0,0,,206,0.0595238,60.3571784
Dennis_Kucinich_,155,0,0,0,,207,0,60.3571784
Isabella_Rossellini_,155,0,0,,,208,0.0595238,60.4167022
Raoul_Ruiz_,155,0,0,,,209,0.119048,60.5357502
Natasha_McElhone_,156,0,0,0,,210,0,60.5357502
Guido_Westerwelle_,158,1,0.0595238,0.0595238,,211,0.178571,60.7143212
Shia_LaBeouf_,160,1,0.0595238,0.0595238,,212,0,60.7143212
Johnny_Carson_,162,1,0.0595238,0.1190476,,213,0.0595238,60.773845
Russell_Crowe_,162,1,0.0595238,,,214,0,60.773845
Hu_Jintao_,163,0,0,0,,215,0,60.773845
Kim_Jong-Il_,164,1,0.0595238,0.0595238,,216,0,60.773845
Kristanna_Loken_,165,1,0.0595238,0.0595238,,217,0.1190476,60.8928926
Rebekah_Chantay_Revels_,166,1,0.0595238,0.0595238,,218,0,60.8928926
Alexander_Downer_,168,0,0,0,,219,0,60.8928926
Dick_Clark_,168,0,0,,,220,0,60.8928926
Kwon_Yang-sook_,168,0,0,,,221,0,60.8928926
Dolma_Tsering_,169,0,0,0.119048,,222,0,60.8928926
Goh_Kun_,169,2,0.119048,,,223,0,60.8928926
Daniel_Day-Lewis_,170,0,0,0,,224,0,60.8928926
Edward_Lu_,172,0,0,0.0595238,,225,0.0595238,60.9524164
Robert_Blackwill_,172,1,0.0595238,,,226,0,60.9524164
Sheila_Fraser_,174,2,0.119048,0.119048,,227,0,60.9524164
Andrew_Cuomo_,176,0,0,0.0595238,,228,0.416667,61.3690834
Surakait_Sathirathai_,176,1,0.0595238,,,229,0.0595238,61.4286072
Svetlana_Koroleva_,176,0,0,,,230,0,61.4286072
Carla_Del_Ponte_,177,0,0,0,,231,0.357143,61.7857502
Hermann_Maier_,178,0,0,0,,232,0,61.7857502
Yukiko_Okudo_,180,1,0.0595238,0.0595238,,233,0,61.7857502
Justin_Timberlake_,181,0,0,0,,234,0,61.7857502
Damon_van_Dam_,182,3,0.178571,0.2380948,,235,0.0595238,61.845274
Neri_Marcore_,182,1,0.0595238,,,236,0,61.845274
Junichiro_Koizumi_,183,1,0.0595238,0.0595238,,237,0,61.845274
Jennifer_Keller_,185,1,0.0595238,0.0595238,,238,0,61.845274
Marc_Grossman_,185,0,0,,,239,0.0595238,61.9047978
Harrison_Ford_,186,0,0,0,,240,0,61.9047978
Cristina_Saralegui_,187,0,0,0,,241,0,61.9047978
Michael_Caine_,187,0,0,,,242,0,61.9047978
Bashar_Assad_,188,0,0,0.1785718,,243,0,61.9047978
Kathy_Winters_,188,2,0.119048,,,244,0.3571428,62.2619406
Melissa_Etheridge_,188,1,0.0595238,,,245,0.1190476,62.3809882
Lee_Hoi-chang_,189,1,0.0595238,0.0595238,,246,0.0595238,62.440512
Mack_Brown_,189,0,0,,,247,0.357143,62.797655
Carla_Myers_,190,0,0,0,,248,0,62.797655
Kim_Dae-jung_,194,0,0,0,,249,0.119048,62.916703
Bill_Sizemore_,195,1,0.0595238,0.0595238,,250,0,62.916703
James_Caan_,195,0,0,,,251,0,62.916703
Gro_Harlem_Brundtland_,196,0,0,0,,252,0,62.916703
John_Blaney_,197,0,0,0.119048,,253,0.0595238,62.9762268
Mariangel_Ruiz_Torrealba_,197,2,0.119048,,,254,0,62.9762268
Courtney_Love_,198,0,0,0,,255,0,62.9762268
Monica_Bellucci_,199,0,0,0,,256,0,62.9762268
Mike_Holmgren_,200,2,0.119048,0.119048,,257,0,62.9762268
Carlos_Vives_,202,1,0.0595238,0.1190476,,258,0,62.9762268
Don_Nickles_,202,1,0.0595238,,,259,0,62.9762268
Colin_Farrell_,204,0,0,0,,260,0,62.9762268
Zhang_Ziyi_,204,0,0,,,261,0.0595238,63.0357506
Lyle_Vanclief_,205,2,0.119048,0.119048,,262,0,63.0357506
Jose_Manuel_Durao_Barroso_,206,0,0,0.0595238,,263,0,63.0357506
Pervez_Musharraf_,206,1,0.0595238,,,264,0.0595238,63.0952744
Steven_Spielberg_,207,0,0,0,,265,0,63.0952744
Harry_Schmidt_,208,0,0,0.0595238,,266,0,63.0952744
Vitali_Klitschko_,208,1,0.0595238,,,267,0,63.0952744
Paul_Martin_,209,2,0.119048,0.119048,,268,0,63.0952744
Michael_Sullivan_,211,3,0.178571,0.178571,,269,0,63.0952744
Tom_Ridge_,213,1,0.0595238,0.0595238,,270,0,63.0952744
Ann_Veneman_,215,0,0,0,,271,0.0595238,63.1547982
Ernesto_Zedillo_,217,1,0.0595238,0.1190476,,272,0.119048,63.2738462
Frances_Fisher_,217,0,0,,,273,0,63.2738462
Gloria_Macapagal_Arroyo_,217,1,0.0595238,,,274,0.0595238,63.33337
Michael_J_Sheehan_,219,0,0,0,,275,0.0595238,63.3928938
Igor_Ivanov_,222,0,0,0,,276,0.0595238,63.4524176
Gary_Bergeron_,223,0,0,0,,277,0,63.4524176
Prince_Harry_,224,0,0,0,,278,0.1190476,63.5714652
Madonna_,225,1,0.0595238,0.0595238,,279,0,63.5714652
Yasser_Arafat_,225,0,0,,,280,0.0595238,63.630989
Greg_Ostertag_,226,0,0,0,,281,0,63.630989
Jamie_Villafane_,228,5,0.297619,0.416667,,282,0.119048,63.750037
Jorge_Rodolfo_Canicoba_Corral_,228,2,0.119048,,,283,0.1190476,63.8690846
Darrell_Issa_,229,0,0,0.0595238,,284,0,63.8690846
Pete_Carroll_,229,1,0.0595238,,,285,0,63.8690846
Lily_Tomlin_,230,0,0,0,,286,0.0595238,63.9286084
Emma_Watson_,231,2,0.119048,0.357143,,287,0,63.9286084
Roberto_Marinho_,231,4,0.238095,,,288,0,63.9286084
Edward_James_Olmos_,235,1,0.0595238,0.0595238,,289,0.0595238,63.9881322
Debra_Brown_,237,0,0,0,,290,0.0595238,64.047656
Bernard_Lord_,239,1,0.0595238,0.0595238,,291,0,64.047656
Brad_Johnson_,239,0,0,,,292,0,64.047656
Patricia_Clarkson_,241,0,0,0,,293,0,64.047656
Frank_Lautenberg_,244,1,0.0595238,0.3571428,,294,0.0595238,64.1071798
Mark_Dacey_,244,5,0.297619,,,295,0,64.1071798
Akbar_Hashemi_Rafsanjani_,245,1,0.0595238,0.1190476,,296,0.297619,64.4047988
Brian_Mulroney_,245,1,0.0595238,,,297,0,64.4047988
Yann_Martel_,246,1,0.0595238,0.0595238,,298,0,64.4047988
George_P_Bush_,247,6,0.357143,0.357143,,299,0,64.4047988
Debra_Messing_,249,0,0,0.119048,,300,0,64.4047988
Jorge_Castaneda_,249,2,0.119048,,,301,0,64.4047988
Tony_Bennett_,249,0,0,,,302,0.0595238,64.4643226
Pascal_Quignard_,251,0,0,0,,303,0,64.4643226
Jimmy_Carter_,252,0,0,0,,304,0,64.4643226
Mario_Dumont_,252,0,0,,,305,0,64.4643226
Ken_Macha_,253,1,0.0595238,0.0595238,,306,0,64.4643226
Mel_Brooks_,254,0,0,0,,307,0.595238,65.0595606
Sila_Calderon_,255,0,0,0,,308,0,65.0595606
Johnny_Unitas_,257,0,0,0,,309,0.1785718,65.2381324
Mel_Gibson_,257,0,0,,,310,0.119048,65.3571804
Elizabeth_Smart_,259,0,0,0,,311,0,65.3571804
Frank_Stallone_,260,0,0,0,,312,0,65.3571804
Rick_Perry_,260,0,0,,,313,0.0595238,65.4167042
George_Galloway_,261,1,0.0595238,0.0595238,,314,0,65.4167042
Tomoko_Hagiwara_,261,0,0,,,315,0,65.4167042
Nan_Wang_,262,0,0,0,,316,0,65.4167042
Hilmi_Ozkok_,263,0,0,0,,317,0.0595238,65.476228
Amelia_Vega_,264,0,0,0.0595238,,318,0,65.476228
Michael_Douglas_,264,1,0.0595238,,,319,0,65.476228
Christina_Aguilera_,265,0,0,0,,320,0,65.476228
Penelope_Cruz_,266,0,0,0,,321,0.0595238,65.5357518
Jerry_Regier_,270,0,0,0,,322,0.0595238,65.5952756
Robert_Duvall_,270,0,0,,,323,0,65.5952756
Maria_Luisa_Mendonca_,271,1,0.0595238,0.0595238,,324,0.0595238,65.6547994
Boris_Berezovsky_,272,0,0,0.119048,,325,0.119048,65.7738474
Mike_Brey_,272,2,0.119048,,,326,0,65.7738474
Simon_Cowell_,272,0,0,,,327,0,65.7738474
Anne_McLellan_,274,0,0,0.0595238,,328,0,65.7738474
Claire_Leger_,274,1,0.0595238,,,329,0.1785718,65.9524192
GL_Peiris_,274,0,0,,,330,0.0595238,66.011943
Nikki_Reed_,275,1,0.0595238,0.0595238,,331,0.0595238,66.0714668
Spencer_Abraham_,275,0,0,,,332,0,66.0714668
Jimmy_Kimmel_,276,1,0.0595238,0.0595238,,333,0,66.0714668
Francis_Ford_Coppola_,277,0,0,0,,334,0,66.0714668
Fred_Eckhard_,278,1,0.0595238,0.1190476,,335,0,66.0714668
Vanessa_Williams_,278,1,0.0595238,,,336,0,66.0714668
Mahmoud_Abbas_,279,0,0,0,,337,0,66.0714668
Hanan_Ashrawi_,280,1,0.0595238,0.0595238,,338,0,66.0714668
Scott_Ritter_,282,2,0.119048,0.119048,,339,0.0595238,66.1309906
Matt_Damon_,283,1,0.0595238,0.1190476,,340,0.0595238,66.1905144
Sheryl_Crow_,283,1,0.0595238,,,341,0,66.1905144
Judi_Dench_,286,1,0.0595238,0.0595238,,342,0.1190476,66.309562
Edmund_Hillary_,287,0,0,0,,343,0.0595238,66.3690858
Joschka_Fischer_,287,0,0,,,344,0,66.3690858
Ralph_Klein_,289,1,0.0595238,0.0595238,,345,0,66.3690858
Robert_Horan_,289,0,0,,,346,0,66.3690858
Stellan_Skarsgard_,290,1,0.0595238,0.0595238,,347,0,66.3690858
Abdullah_Gul_,293,0,0,0,,348,0,66.3690858
Gerhard_Schroeder_,294,0,0,0.0595238,,349,0,66.3690858
Goldie_Hawn_,294,1,0.0595238,,,350,0,66.3690858
Ellen_DeGeneres_,295,0,0,0,,351,0.0595238,66.4286096
Peter_Bacanovic_,296,3,0.178571,0.297619,,352,0.119048,66.5476576
Sadie_Frost_,296,2,0.119048,,,353,0.0595238,66.6071814
Tippi_Hedren_,296,0,0,,,354,0,66.6071814
Maria_Shriver_,297,0,0,0,,355,0,66.6071814
Marissa_Jaret_Winokur_,300,0,0,0,,356,0.2976188,66.9048002
Jude_Law_,302,1,0.0595238,0.0595238,,357,0,66.9048002
Sally_Ride_,303,0,0,0,,358,0.119048,67.0238482
Pete_Rose_,306,0,0,0,,359,0,67.0238482
Alex_Penelas_,307,10,0.595238,0.595238,,360,0,67.0238482
Naomi_Watts_,308,0,0,0,,361,0,67.0238482
Ricardo_Lagos_,308,0,0,,,362,0.119048,67.1428962
Mary_Landrieu_,309,2,0.119048,0.1785718,,363,0.178571,67.3214672
Robert_De_Niro_,309,1,0.0595238,,,364,0.0595238,67.380991
Slobodan_Milosevic_,310,0,0,0.119048,,365,0.0595238,67.4405148
Thierry_Falise_,310,2,0.119048,,,366,0,67.4405148
Jon_Voight_,311,0,0,0,,367,0,67.4405148
Bertie_Ahern_,313,1,0.0595238,0.0595238,,368,0,67.4405148
Jean-Francois_Pontal_,313,0,0,,,369,0,67.4405148
Cristina_Fernandez_,314,0,0,0,,370,0.0595238,67.5000386
David_Dodge_,315,0,0,0,,371,0.0595238,67.5595624
Nastassia_Kinski_,317,1,0.0595238,0.0595238,,372,0,67.5595624
Emma_Thompson_,319,0,0,0,,373,0,67.5595624
Franz_Fischler_,321,1,0.0595238,0.0595238,,374,0,67.5595624
Joe_Gatti_,321,0,0,,,375,0,67.5595624
John_Reilly_,321,0,0,,,376,0.0595238,67.6190862
LeAnn_Rimes_,322,1,0.0595238,0.0595238,,377,0,67.6190862
Robbie_Williams_,322,0,0,,,378,0,67.6190862
Jake_Gyllenhaal_,323,0,0,0,,379,0,67.6190862
Madeleine_Albright_,324,1,0.0595238,0.0595238,,380,0,67.6190862
Paul_Patton_,325,2,0.119048,0.119048,,381,0,67.6190862
Chen_Shui-bian_,328,0,0,0,,382,0,67.6190862
Zafarullah_Khan_Jamali_,328,0,0,,,383,0,67.6190862
Rupert_Murdoch_,329,1,0.0595238,0.1785718,,384,0.1190476,67.7381338
Suzanne_Gaudet_,329,2,0.119048,,,385,0,67.7381338
Paula_Radcliffe_,330,0,0,0.0595238,,386,0.1785714,67.9167052
Sarah_Michelle_Gellar_,330,1,0.0595238,,,387,0,67.9167052
Leon_LaPorte_,331,1,0.0595238,0.0595238,,388,0,67.9167052
Wolfgang_Schuessel_,336,0,0,0,,389,0,67.9167052
Nancy_Reagan_,339,1,0.0595238,0.0595238,,390,0,67.9167052
Paul_McCartney_,339,0,0,,,391,0,67.9167052
Erika_Christensen_,340,1,0.0595238,0.0595238,,392,0,67.9167052
Ben_Affleck_,342,1,0.0595238,0.1190476,,393,0.0595238,67.976229
Raquel_Welch_,342,1,0.0595238,,,394,0.1190476,68.0952766
Chris_Bell_,343,0,0,0.0595238,,395,0.1785718,68.2738484
Dorthy_Moxley_,343,1,0.0595238,,,396,0.178571,68.4524194
Ernie_Eves_,343,0,0,,,397,0,68.4524194
Martin_Hoellwarth_,343,0,0,,,398,0,68.4524194
Richard_Myers_,345,0,0,0,,399,0,68.4524194
John_Bolton_,346,0,0,0,,400,0,68.4524194
Chok_Tong_Goh_,348,0,0,0,,401,0.0595238,68.5119432
Lili_Taylor_,350,0,0,0,,402,0.1785718,68.690515
Asa_Hutchinson_,351,1,0.0595238,0.0595238,,403,0,68.690515
Priscilla_Presley_,352,2,0.119048,0.119048,,404,0.1785718,68.8690868
Justine_Henin_,353,1,0.0595238,0.0595238,,405,0.0595238,68.9286106
Sarah_Jessica_Parker_,353,0,0,,,406,0,68.9286106
Hans_Blix_,356,1,0.0595238,0.2976188,,407,0.0595238,68.9881344
Strom_Thurmond_,356,4,0.238095,,,408,0,68.9881344
Amber_Tamblyn_,358,0,0,0.119048,,409,0,68.9881344
Rod_Blagojevich_,358,2,0.119048,,,410,0.357143,69.3452774
William_Martin_,359,0,0,0,,411,0,69.3452774
Dave_Campo_,362,2,0.119048,0.119048,,412,0,69.3452774
Alex_Barros_,363,3,0.178571,0.178571,,413,0,69.3452774
Michelle_Branch_,363,0,0,,,414,0.0595238,69.4048012
Freddy_Garcia_,364,1,0.0595238,0.0595238,,415,0,69.4048012
Vince_Gill_,364,0,0,,,416,0,69.4048012
Laura_Bush_,365,0,0,0.0595238,,417,0,69.4048012
Martin_McGuinness_,365,1,0.0595238,,,418,0,69.4048012
Bernard_Landry_,367,0,0,0,,419,0.178571,69.5833722
Jean_Carnahan_,368,0,0,0,,420,0,69.5833722
Taha_Yassin_Ramadan_,368,0,0,,,421,0.178571,69.7619432
Cherie_Blair_,369,0,0,0,,422,0.0595238,69.821467
Ali_Abbas_,370,1,0.0595238,0.0595238,,423,0,69.821467
Mukesh_Ambani_,370,0,0,,,424,0,69.821467
Ronaldo_Luis_Nazario_de_Lima_,371,1,0.0595238,0.0595238,,425,0,69.821467
Carly_Fiorina_,373,0,0,0,,426,0,69.821467
Nicole_Kidman_,375,0,0,0,,427,0.0595238,69.8809908
Pierre_Pettigrew_,375,0,0,,,428,0,69.8809908
David_Trimble_,376,1,0.0595238,0.0595238,,429,0,69.8809908
Edie_Falco_,376,0,0,,,430,0.0595238,69.9405146
Jesse_Ventura_,379,0,0,0,,431,0,69.9405146
Giuseppe_Gibilisco_,381,0,0,0,,432,0.0595238,70.0000384
Barbara_Walters_,384,1,0.0595238,0.1190476,,433,0,70.0000384
John_McCormack_,384,1,0.0595238,,,434,0.0595238,70.0595622
Ben_Curtis_,385,0,0,0,,435,0.1785718,70.238134
Jorge_Valdano_,386,1,0.0595238,0.1785714,,436,0.1785718,70.4167058
Kristen_Breitweiser_,386,1,0.0595238,,,437,0.0595238,70.4762296
Rod_Stewart_,386,0,0,,,438,0,70.4762296
Vicki_Zhao_Wei_,386,1,0.0595238,,,439,0,70.4762296
Gordon_Campbell_,388,0,0,0,,440,0.0595238,70.5357534
Mark_Gottfried_,391,0,0,0,,441,0.1190476,70.654801
Alvaro_Noboa_,392,0,0,0,,442,0,70.654801
David_Heymann_,392,0,0,,,443,0.0595238,70.7143248
Adrien_Brody_,393,0,0,0.0595238,,444,0,70.7143248
Ralph_Lauren_,393,1,0.0595238,,,445,0.0595238,70.7738486
Dale_Earnhardt_Jr_,394,1,0.0595238,0.1190476,,446,0,70.7738486
Paul_Tagliabue_,394,1,0.0595238,,,447,0.119048,70.8928966
Ahmed_Chalabi_,395,1,0.0595238,0.1785718,,448,0,70.8928966
Elijah_Wood_,395,2,0.119048,,,449,0.119048,71.0119446
Hitomi_Soga_,396,0,0,0.178571,,450,0.0595238,71.0714684
Joerg_Haider_,396,3,0.178571,,,451,0,71.0714684
John_Manley_,401,1,0.0595238,0.0595238,,452,0.0595238,71.1309922
Edward_Kennedy_,402,1,0.0595238,0.1785718,,453,0,71.1309922
Ernie_Els_,402,2,0.119048,,,454,0,71.1309922
Ben_Glisan_,403,0,0,0,,455,0,71.1309922
Nancy_Demme_,403,0,0,,,456,0,71.1309922
Biljana_Plavsic_,404,2,0.119048,0.1785718,,457,0,71.1309922
Tom_Daschle_,404,1,0.0595238,,,458,0.0595238,71.190516
Andrew_Bunner_,405,0,0,0.0595238,,459,0,71.190516
Christine_Todd_Whitman_,405,1,0.0595238,,,460,0.0595238,71.2500398
Eddie_Sutton_,407,0,0,0.0595238,,461,0.119048,71.3690878
Tommy_Thompson_,407,1,0.0595238,,,462,0.0595238,71.4286116
Richard_Gere_,409,0,0,0,,463,0,71.4286116
Robert_Fico_,410,6,0.357143,0.357143,,464,0,71.4286116
Bruce_Springsteen_,413,0,0,0,,465,0,71.4286116
Roger_Moore_,413,0,0,,,466,0.0595238,71.4881354
David_Spade_,414,1,0.0595238,0.0595238,,467,0,71.4881354
Evan_Rachel_Wood_,417,0,0,0,,468,0,71.4881354
James_Jones_,417,0,0,,,469,0.0595238,71.5476592
Alexander_Rumyantsev_,419,3,0.178571,0.178571,,470,0.297619,71.8452782
Jia_Qinglin_,420,0,0,0,,471,0.2380948,72.083373
Robert_Bullock_,421,3,0.178571,0.178571,,472,0.297619,72.380992
Lynn_Abraham_,422,1,0.0595238,0.0595238,,473,0,72.380992
Clint_Eastwood_,424,0,0,0,,474,0,72.380992
James_Cunningham_,424,0,0,,,475,0.0595238,72.4405158
Jeremy_Shockey_,426,0,0,0,,476,0,72.4405158
Kristin_Davis_,427,1,0.0595238,0.0595238,,477,0,72.4405158
Lea_Fastow_,428,0,0,0,,478,0.1785718,72.6190876
Ali_Naimi_,430,1,0.0595238,0.0595238,,479,0,72.6190876
Carlos_Manuel_Pruneda_,430,0,0,,,480,0,72.6190876
Larry_Lucchino_,431,0,0,0,,481,0,72.6190876
Kevin_Spacey_,432,0,0,0.0595238,,482,0.0595238,72.6786114
Warren_Buffett_,432,1,0.0595238,,,483,0,72.6786114
Tony_Curtis_,434,1,0.0595238,0.0595238,,484,0.0595238,72.7381352
Gus_Van_Sant_,435,2,0.119048,0.1785718,,485,0.0595238,72.797659
Rick_Carlisle_,435,1,0.0595238,,,486,0,72.797659
Lauren_Hutton_,436,1,0.0595238,0.1785718,,487,0.0595238,72.8571828
Sachiko_Yamada_,436,2,0.119048,,,488,0,72.8571828
Tony_Stewart_,437,1,0.0595238,0.0595238,,489,0,72.8571828
Jesse_Jackson_,440,0,0,0.0595238,,490,0.0595238,72.9167066
Princess_Anne_,440,1,0.0595238,,,491,0,72.9167066
Conan_OBrien_,441,1,0.0595238,0.1190476,,492,0,72.9167066
Patrice_Chereau_,441,1,0.0595238,,,493,0,72.9167066
Alexander_Losyukov_,443,1,0.0595238,0.0595238,,494,0.119048,73.0357546
Susan_Sarandon_,443,0,0,,,495,0,73.0357546
George_Karl_,445,1,0.0595238,0.0595238,,496,0,73.0357546
Angelina_Jolie_,447,2,0.119048,0.119048,,497,0,73.0357546
Bulent_Ecevit_,447,0,0,,,498,0.0595238,73.0952784
Marcelo_Ebrard_,449,2,0.119048,0.119048,,499,0,73.0952784
Paul_ONeill_,450,1,0.0595238,0.0595238,,500,0.0595238,73.1548022
James_Ivory_,452,1,0.0595238,0.0595238,,501,0.0595238,73.214326
Ibrahim_Jaafari_,454,0,0,0,,502,0,73.214326
Lance_Bass_,454,0,0,,,503,0,73.214326
Sally_Field_,458,1,0.0595238,0.0595238,,504,0.119048,73.333374
Winona_Ryder_,458,0,0,,,505,0,73.333374
Chung_Mong-joon_,460,1,0.0595238,0.0595238,,506,0.238096,73.57147
Pedro_Almodovar_,460,0,0,,,507,0.0595238,73.6309938
Johnny_Tapia_,461,2,0.119048,0.119048,,508,0,73.6309938
Frank_Dunham_Jr_,462,1,0.0595238,0.0595238,,509,0.0595238,73.6905176
Jacqueline_Obradors_,462,0,0,,,510,0.0595238,73.7500414
Bernard_Law_,463,0,0,0,,511,0,73.7500414
Ludivine_Sagnier_,466,1,0.0595238,0.0595238,,512,0.119048,73.8690894
Silvan_Shalom_,466,0,0,,,513,0.238095,74.1071844
Megan_Mullally_,467,0,0,0,,514,0.119048,74.2262324
Robinson_Stevenin_,468,0,0,0,,515,0,74.2262324
Francis_Mer_,469,1,0.0595238,0.0595238,,516,0.0595238,74.2857562
Ian_McKellen_,470,5,0.297619,0.297619,,517,0.0595238,74.34528
Elena_Bovina_,471,3,0.178571,0.2380948,,518,0,74.34528
John_Timoney_,471,1,0.0595238,,,519,0.0595238,74.4048038
Amer_al-Saadi_,472,5,0.297619,0.297619,,520,0.0595238,74.4643276
Rafael_Ramirez_,473,0,0,0,,521,0,74.4643276
John_Walsh_,475,1,0.0595238,0.0595238,,522,0.0595238,74.5238514
Stephen_Friedman_,477,0,0,0,,523,0.1190476,74.642899
Vince_Carter_,477,0,0,,,524,0,74.642899
Kenneth_Evans_,478,2,0.119048,0.1785718,,525,0,74.642899
Lim_Dong-won_,478,1,0.0595238,,,526,0,74.642899
Alison_Lohman_,479,0,0,0,,527,0.2380948,74.8809938
Gloria_Allred_,479,0,0,,,528,0,74.8809938
Anna_Nicole_Smith_,481,0,0,0,,529,0.1785718,75.0595656
Desiree_Lemosi_,482,0,0,0.0595238,,530,0.238095,75.2976606
Hal_Sutton_,482,1,0.0595238,,,531,0,75.2976606
Matthew_Perry_,484,1,0.0595238,0.0595238,,532,0,75.2976606
Michelle_Yeoh_,485,1,0.0595238,0.0595238,,533,0.0595238,75.3571844
Gianna_Angelopoulos-Daskalaki_,486,0,0,0,,534,0.0595238,75.4167082
Norm_Coleman_,487,1,0.0595238,0.0595238,,535,0,75.4167082
Nebojsa_Pavkovic_,490,0,0,0.0595238,,536,0,75.4167082
Ray_Nagin_,490,0,0,,,537,0,75.4167082
Saparmurat_Niyazov_,490,0,0,,,538,0,75.4167082
Sergei_Ivanov_,490,1,0.0595238,,,539,0,75.4167082
Ben_Howland_,492,0,0,0,,540,0.119048,75.5357562
Leonid_Kuchma_,494,2,0.119048,0.119048,,541,0,75.5357562
Kate_Hudson_,495,0,0,0,,542,0,75.5357562
Theodore_Tweed_Roosevelt_,498,1,0.0595238,0.0595238,,,,
Owen_Wilson_,500,1,0.0595238,0.0595238,,,,
Jean_Charest_,501,0,0,0.0595238,,,,
Sean_Hayes_,501,1,0.0595238,,,,,
Olivia_Newton-John_,502,0,0,0,,,,
Adam_Sandler_,504,2,0.119048,0.119048,,,,
Nancy_Sinatra_,504,0,0,,,,,
Ethan_Hawke_,505,0,0,0,,,,
Marc-Andre_Fleury_,505,0,0,,,,,
Mike_Montgomery_,505,0,0,,,,,
Keira_Knightley_,506,2,0.119048,0.238096,,,,
Mark_Geragos_,506,0,0,,,,,
Tang_Jiaxuan_,506,2,0.119048,,,,,
Kiki_Vandeweghe_,507,1,0.0595238,0.0595238,,,,
Clay_Aiken_,508,0,0,0,,,,
Jeffrey_Archer_,508,0,0,,,,,
Gordon_Brown_,509,1,0.0595238,0.0595238,,,,
Juan_Manuel_Marquez_,509,0,0,,,,,
James_Morris_,510,1,0.0595238,0.0595238,,,,
Stanley_McChrystal_,512,2,0.119048,0.119048,,,,
Alvaro_Uribe_,513,4,0.238095,0.238095,,,,
Barbara_Brezigar_,514,2,0.119048,0.119048,,,,
Rick_Barnes_,514,0,0,,,,,
Bill_Frist_,516,1,0.0595238,0.0595238,,,,
Rita_Moreno_,516,0,0,,,,,
James_Maguire_,517,1,0.0595238,0.0595238,,,,
Bode_Miller_,518,0,0,0,,,,
James_Blake_,519,1,0.0595238,0.0595238,,,,
Noah_Wyle_,520,1,0.0595238,0.0595238,,,,
Marco_Antonio_Barrera_,522,1,0.0595238,0.0595238,,,,
Peter_Hillary_,523,1,0.0595238,0.1190476,,,,
Valerie_Harper_,523,1,0.0595238,,,,,
Mitchell_Daniels_,524,0,0,0,,,,
Jean-Claude_Trichet_,525,0,0,0,,,,
Mariah_Carey_,527,1,0.0595238,0.2380948,,,,
Ralph_Firman_,527,3,0.178571,,,,,
Eddy_Merckx_,529,1,0.0595238,0.1785718,,,,
Tammy_Lynn_Michaels_,529,2,0.119048,,,,,
Michael_Phelps_,530,4,0.238095,0.238095,,,,
Amanda_Beard_,531,0,0,0,,,,
Billy_Sollie_,532,0,0,0,,,,
Tommy_Haas_,533,1,0.0595238,0.0595238,,,,
Marilyn_Monroe_,534,1,0.0595238,0.0595238,,,,
Christopher_Walken_,537,0,0,0,,,,
Lisa_Marie_Presley_,537,0,0,,,,,
Dino_de_Laurentis_,538,0,0,0,,,,
Rob_Marshall_,540,0,0,0.119048,,,,
Tim_Curry_,540,2,0.119048,,,,,
Robert_Stack_,542,0,0,0,,,,
Gary_Forsee_,543,1,0.0595238,0.1190476,,,,
Halle_Berry_,543,1,0.0595238,,,,,
Camilla_Parker_Bowles_,545,0,0,0,,,,
Hamzah_Haz_,547,1,0.0595238,0.0595238,,,,
Antonio_Palocci_,548,2,0.119048,0.1785718,,,,
Carlos_Mesa_,548,1,0.0595238,,,,,
Bruce_Weber_,550,1,0.0595238,0.0595238,,,,
Kurt_Russell_,550,0,0,,,,,
Drew_Barrymore_,551,0,0,0,,,,
Mathias_Reichhold_,552,0,0,0,,,,
Aaron_Peirsol_,553,1,0.0595238,0.0595238,,,,
Lucy_Liu_,554,0,0,0,,,,
John_Mayer_,557,5,0.297619,0.297619,,,,
Charles_Mathews_,558,1,0.0595238,0.0595238,,,,
Carlos_Menem_,559,1,0.0595238,0.0595238,,,,
Julie_Taymor_,560,0,0,0,,,,
Billy_Graham_,561,0,0,0,,,,
Bill_Simon_,563,0,0,0,,,,
William_Ford_Jr_,564,0,0,0,,,,
Michael_Patrick_King_,566,0,0,0,,,,
Mike_Martz_,567,1,0.0595238,0.0595238,,,,
Richard_Shelby_,567,0,0,,,,,
Mark_Wahlberg_,568,1,0.0595238,0.0595238,,,,
Marisa_Tomei_,569,1,0.0595238,0.0595238,,,,
Carol_Burnett_,571,0,0,0,,,,
Marieta_Chrousala_,572,0,0,0,,,,
Jim_Carrey_,573,1,0.0595238,0.0595238,,,,
LK_Advani_,573,0,0,,,,,
Jonathan_Mostow_,575,1,0.0595238,0.0595238,,,,
Jong_Wook_Lee_,575,0,0,,,,,
Edmund_Stoiber_,577,0,0,0,,,,
Zico_,578,0,0,0,,,,
James_Schultz_,579,1,0.0595238,0.0595238,,,,
Martin_McCauley_,579,0,0,,,,,
Conchita_Martinez_,580,1,0.0595238,0.1190476,,,,
Liu_Mingkang_,580,1,0.0595238,,,,,
Jolanta_Kwasniewski_,581,0,0,0,,,,
Robert_Mueller_,582,0,0,0,,,,
Joan_Claybrook_,584,1,0.0595238,0.0595238,,,,
John_Swofford_,585,1,0.0595238,0.0595238,,,,
Dianne_Feinstein_,586,2,0.119048,0.119048,,,,
Zinedine_Zidane_,586,0,0,,,,,
Guy_Hemmings_,588,1,0.0595238,0.1190476,,,,
John_Kerry_,588,1,0.0595238,,,,,
Federico_Trillo_,590,1,0.0595238,0.0595238,,,,
Jamling_Norgay_,590,0,0,,,,,
Robert_Kocharian_,591,1,0.0595238,0.0595238,,,,
Vincent_Gallo_,593,1,0.0595238,0.0595238,,,,
Alex_Sink_,595,0,0,0,,,,
Bill_Callahan_,596,0,0,0.0595238,,,,
Pierre_Boulanger_,596,1,0.0595238,,,,,
Oscar_De_La_Hoya_,598,0,0,0,,,,
Kathleen_Kennedy_Townsend_,599,2,0.119048,0.1785718,,,,
Mikhail_Wehbe_,599,1,0.0595238,,,,,
James_Wolfensohn_,600,6,0.357143,0.476191,,,,
Kelly_Clarkson_,600,0,0,,,,,
Saburo_Kawabuchi_,600,2,0.119048,,,,,
Nathan_Lane_,601,2,0.119048,0.119048,,,,
Sergio_Vieira_De_Mello_,601,0,0,,,,,
Bridget_Fonda_,603,1,0.0595238,0.0595238,,,,
Ishaq_Shahryar_,605,2,0.119048,0.119048,,,,
Joe_Lieberman_,605,0,0,,,,,
Ed_Smart_,607,0,0,0.119048,,,,
John_Garamendi_,607,2,0.119048,,,,,
Marie-Reine_Le_Gougne_,608,1,0.0595238,0.0595238,,,,
Tom_Craddick_,608,0,0,,,,,
Faye_Dunaway_,612,0,0,0,,,,
Barry_Zito_,613,0,0,0.119048,,,,
Chuck_Amato_,613,2,0.119048,,,,,
Kim_Yong-il_,614,1,0.0595238,0.1190476,,,,
Mary_Steenburgen_,614,1,0.0595238,,,,,
Jerry_Springer_,615,2,0.119048,0.119048,,,,
Michel_Temer_,615,0,0,,,,,
Bridgette_Wilson-Sampras_,620,0,0,0,,,,
Jose_Theodore_,622,2,0.119048,0.119048,,,,
Tim_Floyd_,622,0,0,,,,,
Nathalie_Baye_,623,0,0,0,,,,
Eduardo_Duhalde_,624,2,0.119048,0.119048,,,,
Masum_Turker_,626,0,0,0,,,,
Gary_Williams_,627,0,0,0.1785718,,,,
Jennifer_Capriati_,627,1,0.0595238,,,,,
Win_Aung_,627,2,0.119048,,,,,
Hun_Sen_,628,2,0.119048,0.119048,,,,
Martina_Hingis_,630,1,0.0595238,0.0595238,,,,
Roberto_Benigni_,631,2,0.119048,0.119048,,,,
Paul_Wellstone_,632,1,0.0595238,0.0595238,,,,
Betsy_Smith_,633,0,0,0.119048,,,,
Jane_Pauley_,633,2,0.119048,,,,,
Raghad_Saddam_Hussein_,634,1,0.0595238,0.0595238,,,,
Rick_Pitino_,635,0,0,0,,,,
Arnaud_Clement_,637,0,0,0.0595238,,,,
Jennifer_Rodriguez_,637,1,0.0595238,,,,,
Paul_Sarbanes_,640,1,0.0595238,0.0595238,,,,
Alejandro_Atchugarry_,641,0,0,0,,,,
Justine_Pasek_,641,0,0,,,,,
Carlos_Ghosn_,642,2,0.119048,0.119048,,,,
John_Ruiz_,642,0,0,,,,,
Michael_Chiklis_,643,0,0,0,,,,
Frank_Cassell_,645,0,0,0,,,,
Geno_Auriemma_,645,0,0,,,,,
Sharon_Frey_,646,2,0.119048,0.119048,,,,
Lindsey_Graham_,648,1,0.0595238,0.0595238,,,,
Diana_Munz_,649,5,0.297619,0.297619,,,,
Justin_Guarini_,649,0,0,,,,,
Bud_Selig_,650,1,0.0595238,0.0595238,,,,
Tsutomu_Takebe_,650,0,0,,,,,
Condoleezza_Rice_,651,0,0,0,,,,
Dennis_Powell_,651,0,0,,,,,
John_Edwards_,652,0,0,0,,,,
Gray_Davis_,656,0,0,0,,,,
Jason_Alexander_,661,2,0.119048,0.119048,,,,
Stacy_Dragila_,662,2,0.119048,0.119048,,,,
Fujio_Cho_,663,0,0,0.0595238,,,,
Sylvester_Stallone_,663,1,0.0595238,,,,,
Garry_Kasparov_,664,1,0.0595238,0.0595238,,,,
Rolf_Eckrodt_,665,1,0.0595238,0.0595238,,,,
Sean_Penn_,665,0,0,,,,,
Klaus_Zwickel_,666,2,0.119048,0.119048,,,,
Scott_Rudin_,667,2,0.119048,0.119048,,,,
Recep_Tayyip_Erdogan_,669,1,0.0595238,0.0595238,,,,
Pedro_Malan_,670,0,0,0,,,,
Gloria_Trevi_,671,0,0,0,,,,
Emmanuelle_Beart_,672,0,0,0,,,,
Christine_Baumgartner_,677,1,0.0595238,0.1190476,,,,
Jose_Sarney_,677,1,0.0595238,,,,,
Howard_Dean_,682,1,0.0595238,0.0595238,,,,
Catherine_Zeta-Jones_,683,2,0.119048,0.238096,,,,
Zoran_Djindjic_,683,2,0.119048,,,,,
David_Wolf_,684,0,0,0.119048,,,,
Jason_Kidd_,684,2,0.119048,,,,,
Charles_Bronson_,685,1,0.0595238,0.1785714,,,,
Dan_Morales_,685,1,0.0595238,,,,,
Leonardo_DiCaprio_,685,1,0.0595238,,,,,
Michael_Chang_,689,1,0.0595238,0.0595238,,,,
Sean_Patrick_OMalley_,690,0,0,0,,,,
Pedro_Solbes_,691,0,0,0,,,,
Wayne_Gretzky_,692,1,0.0595238,0.0595238,,,,
Jack_Straw_,693,2,0.119048,0.119048,,,,
Helen_Clark_,694,1,0.0595238,0.1785718,,,,
Nicanor_Duarte_Frutos_,694,0,0,,,,,
Sam_Bith_,694,2,0.119048,,,,,
Hootie_Johnson_,696,0,0,0.178571,,,,
Jennifer_Connelly_,696,3,0.178571,,,,,
Lisa_Ling_,697,1,0.0595238,0.0595238,,,,
Brian_Heidik_,698,1,0.0595238,0.0595238,,,,
Kathleen_Glynn_,700,2,0.119048,0.119048,,,,
Horst_Koehler_,701,1,0.0595238,0.0595238,,,,
David_Wells_,702,1,0.0595238,0.0595238,,,,
Jean-Marc_de_La_Sabliere_,704,0,0,0,,,,
William_Bulger_,705,3,0.178571,0.178571,,,,
Fernando_Henrique_Cardoso_,706,0,0,0,,,,
Kalpana_Chawla_,707,1,0.0595238,0.0595238,,,,
Augusto_Roa_Bastos_,708,0,0,0.119048,,,,
Costas_Simitis_,708,2,0.119048,,,,,
Holly_Hunter_,709,1,0.0595238,0.0595238,,,,
Natalie_Coughlin_,710,1,0.0595238,0.0595238,,,,
Nursultan_Nazarbayev_,711,0,0,0.0595238,,,,
Ricky_Barnes_,711,1,0.0595238,,,,,
Daniel_Radcliffe_,714,2,0.119048,0.1785718,,,,
Hugh_Grant_,714,1,0.0595238,,,,,
Jim_Tressel_,717,1,0.0595238,0.0595238,,,,
Carson_Palmer_,719,1,0.0595238,0.0595238,,,,
Ron_Howard_,719,0,0,,,,,
Carrie-Anne_Moss_,720,1,0.0595238,0.0595238,,,,
Ilan_Ramon_,720,0,0,,,,,
Ed_Rosenthal_,722,0,0,0,,,,
Glafcos_Clerides_,725,2,0.119048,0.119048,,,,
Jodie_Foster_,725,0,0,,,,,
Elinor_Caplan_,727,0,0,0.0595238,,,,
Janet_Thorpe_,727,1,0.0595238,,,,,
Jennifer_Thompson_,727,0,0,,,,,
Alan_Ball_,728,2,0.119048,0.119048,,,,
Eliane_Karp_,729,3,0.178571,0.178571,,,,
Claudia_Pechstein_,731,0,0,0,,,,
Eric_Rosser_,731,0,0,,,,,
Brooke_Shields_,734,0,0,0.119048,,,,
William_Bratton_,734,2,0.119048,,,,,
Butch_Davis_,735,1,0.0595238,0.0595238,,,,
Taufik_Hidayat_,736,2,0.119048,0.119048,,,,
Rudolph_Giuliani_,737,1,0.0595238,0.0595238,,,,
Eric_Robert_Rudolph_,738,1,0.0595238,0.1785714,,,,
Francis_George_,738,1,0.0595238,,,,,
Marina_Anissina_,738,1,0.0595238,,,,,
Patricia_Heaton_,739,1,0.0595238,0.0595238,,,,
Gabriel_Valdes_,740,0,0,0,,,,
Michael_Powell_,742,0,0,0,,,,
Nestor_Kirchner_,743,1,0.0595238,0.0595238,,,,
Liza_Minnelli_,744,1,0.0595238,0.0595238,,,,
Ricardo_Monasterio_,746,1,0.0595238,0.0595238,,,,
Yu_Shyi-kun_,747,1,0.0595238,0.0595238,,,,
Barrett_Jackman_,748,1,0.0595238,0.1190476,,,,
Tom_Brady_,748,1,0.0595238,,,,,
Derek_Jeter_,750,0,0,0,,,,
Ruth_Dreifuss_,752,1,0.0595238,0.0595238,,,,
John_Spencer_,753,0,0,0,,,,
Sharon_Davis_,754,0,0,0.0595238,,,,
Silvia_Farina_Elia_,754,1,0.0595238,,,,,
Eduard_Shevardnadze_,756,1,0.0595238,0.0595238,,,,
George_Pataki_,757,1,0.0595238,0.0595238,,,,
John_Ashcroft_,758,2,0.119048,0.119048,,,,
Prince_Naruhito_,759,0,0,0,,,,
King_Abdullah_II_,760,0,0,0,,,,
David_Stern_,762,0,0,0,,,,
Charles_Kartman_,763,0,0,0,,,,
John_Abizaid_,764,3,0.178571,0.178571,,,,
Michael_Moore_,765,1,0.0595238,0.0595238,,,,
Anthony_Fauci_,767,5,0.297619,0.297619,,,,
Andre_Agassi_,769,2,0.119048,0.119048,,,,
Guy_Ritchie_,770,0,0,0,,,,
Robert_Witt_,771,1,0.0595238,0.0595238,,,,
John_McCallum_,772,2,0.119048,0.119048,,,,
Steve_Lavin_,772,0,0,,,,,
Shaul_Mofaz_,773,1,0.0595238,0.0595238,,,,
Dalai_Lama_,774,0,0,0,,,,
Jennifer_Reilly_,776,0,0,0.0595238,,,,
John_Travolta_,776,1,0.0595238,,,,,
Gregory_Geoffroy_,777,1,0.0595238,0.0595238,,,,
Yuri_Fedotov_,778,2,0.119048,0.119048,,,,
Henrique_Meirelles_,779,1,0.0595238,0.0595238,,,,
Jayson_Williams_,780,2,0.119048,0.119048,,,,
Daniela_Hantuchova_,781,0,0,0,,,,
Martin_Scorsese_,783,1,0.0595238,0.0595238,,,,
Gerard_Depardieu_,784,1,0.0595238,0.1785718,,,,
Robert_DeFraites_,784,2,0.119048,,,,,
Li_Zhaoxing_,785,2,0.119048,0.119048,,,,
Richard_Crenna_,786,0,0,0,,,,
Jack_Grubman_,787,0,0,0,,,,
Jeffrey_Jones_,788,1,0.0595238,0.0595238,,,,
Bob_Geldof_,790,1,0.0595238,0.0595238,,,,
Geoff_Hoon_,792,0,0,0.0595238,,,,
Hans_Eichel_,792,1,0.0595238,,,,,
Oxana_Fedorova_,793,2,0.119048,0.119048,,,,
Kimi_Raikkonen_,794,1,0.0595238,0.0595238,,,,
Michel_Therrien_,795,0,0,0,,,,
Richie_Adubato_,795,0,0,,,,,
Michael_Capellas_,796,1,0.0595238,0.0595238,,,,
Doris_Schroeder_,798,2,0.119048,0.119048,,,,
Christine_Ebersole_,802,1,0.0595238,0.1190476,,,,
Jose_Canseco_,802,1,0.0595238,,,,,
Priscilla_Owen_,802,0,0,,,,,
Anibal_Ibarra_,803,0,0,0,,,,
Joe_Torre_,804,1,0.0595238,0.0595238,,,,
James_Kopp_,810,2,0.119048,0.119048,,,,
Tim_Conway_,810,0,0,,,,,
Terry_Stotts_,811,4,0.238095,0.238095,,,,
Zhang_Wenkang_,811,0,0,,,,,
Barbra_Streisand_,813,0,0,0.0595238,,,,
Paula_Zahn_,813,0,0,,,,,
Raymond_Odierno_,813,0,0,,,,,
Toshihiko_Fukui_,813,1,0.0595238,,,,,
Vladimir_Spidla_,814,2,0.119048,0.119048,,,,
Job_Cohen_,816,0,0,0.0595238,,,,
Tommy_Robredo_,816,1,0.0595238,,,,,
Patty_Schnyder_,819,0,0,0,,,,
Gene_Robinson_,821,2,0.119048,0.119048,,,,
Shannon_OBrien_,822,0,0,0,,,,
Emanuel_Ginobili_,823,1,0.0595238,0.0595238,,,,
Kamal_Kharrazi_,824,2,0.119048,0.119048,,,,
Karen_Mok_,826,1,0.0595238,0.0595238,,,,
Alvaro_Silva_Calderon_,829,1,0.0595238,0.0595238,,,,
Peter_Greenaway_,829,0,0,,,,,
David_Coulthard_,830,0,0,0.0595238,,,,
Stefano_Accorsi_,830,1,0.0595238,,,,,
David_Heyman_,832,2,0.119048,0.119048,,,,
Claire_Danes_,833,0,0,0,,,,
Katherine_Harris_,835,0,0,0.119048,,,,
Orlando_Bloom_,835,2,0.119048,,,,,
David_Beckham_,836,4,0.238095,0.238095,,,,
Dean_Barkley_,837,1,0.0595238,0.0595238,,,,
Thomas_Wyman_,838,2,0.119048,0.119048,,,,
Arye_Mekel_,839,0,0,0,,,,
Sean_Astin_,839,0,0,,,,,
Rita_Wilson_,841,1,0.0595238,0.0595238,,,,
Amram_Mitzna_,842,0,0,0.0595238,,,,
Pascal_Lamy_,842,1,0.0595238,,,,,
Robert_Bonner_,842,0,0,,,,,
Tassos_Papadopoulos_,842,0,0,,,,,
James_Butts_,843,1,0.0595238,0.0595238,,,,
Greg_Owen_,844,0,0,0,,,,
Muhammad_Ali_,846,2,0.119048,0.119048,,,,
Hosni_Mubarak_,847,1,0.0595238,0.0595238,,,,
Chita_Rivera_,848,0,0,0,,,,
Thomas_Bjorn_,851,1,0.0595238,0.0595238,,,,
Demi_Moore_,853,0,0,0,,,,
Nia_Vardalos_,854,2,0.119048,0.119048,,,,
Doug_Melvin_,855,0,0,0,,,,
Mahathir_Mohamad_,855,0,0,,,,,
Shaukat_Aziz_,856,1,0.0595238,0.0595238,,,,
Megawati_Sukarnoputri_,857,1,0.0595238,0.0595238,,,,
Britney_Spears_,858,3,0.178571,0.178571,,,,
Anne_Krueger_,859,1,0.0595238,0.0595238,,,,
Justin_Leonard_,860,1,0.0595238,0.1785718,,,,
Larry_Lindsey_,860,2,0.119048,,,,,
Robert_Evans_,861,1,0.0595238,0.0595238,,,,
Lauren_Killian_,865,1,0.0595238,0.0595238,,,,
Samira_Makhmalbaf_,865,0,0,,,,,
David_Hyde_Pierce_,867,0,0,0,,,,
Julianne_Moore_,869,2,0.119048,0.357143,,,,
Salman_Rushdie_,869,4,0.238095,,,,,
Bill_McBride_,872,2,0.119048,0.238096,,,,
Emily_Robison_,872,2,0.119048,,,,,
Sheila_Copps_,872,0,0,,,,,
Rachel_Griffiths_,873,3,0.178571,0.178571,,,,
Rachel_Hunter_,874,2,0.119048,0.119048,,,,
Celine_Dion_,876,0,0,0,,,,
Dominik_Garcia-Lorido_,877,0,0,0,,,,
Guillermo_Canas_,878,1,0.0595238,0.1785718,,,,
Zarai_Toledo_,878,2,0.119048,,,,,
Miguel_Estrada_,879,0,0,0,,,,
Colin_Powell_,880,1,0.0595238,0.1190476,,,,
Nadine_Vinzens_,880,1,0.0595238,,,,,
Donald_Evans_,881,0,0,0.0595238,,,,
Mark_Hamister_,881,1,0.0595238,,,,,
Hugo_Chavez_,884,3,0.178571,0.178571,,,,
Elton_John_,885,2,0.119048,0.119048,,,,
Mary_Carey_,886,0,0,0,,,,
Stephen_Daldry_,886,0,0,,,,,
Bob_Huggins_,890,0,0,0,,,,
Natalie_Cole_,891,2,0.119048,0.119048,,,,
Bob_Stoops_,892,1,0.0595238,0.0595238,,,,
Jiang_Zemin_,894,1,0.0595238,0.0595238,,,,
Ashanti_,895,0,0,0,,,,
Chen_Liang_Yu_,895,0,0,,,,,
George_W_Bush_,896,1,0.0595238,0.0595238,,,,
Gustavo_Kuerten_,897,2,0.119048,0.119048,,,,
Luciano_Pavarotti_,899,2,0.119048,0.119048,,,,
Salma_Hayek_,900,3,0.178571,0.2380948,,,,
Tom_Watson_,900,1,0.0595238,,,,,
Akhmed_Zakayev_,902,1,0.0595238,0.0595238,,,,
Clare_Short_,903,0,0,0,,,,
Alan_Mulally_,904,2,0.119048,0.119048,,,,
Tom_Cruise_,904,0,0,,,,,
Andrew_Niccol_,907,0,0,0.178571,,,,
Larry_Johnson_,907,0,0,,,,,
Paris_Hilton_,907,3,0.178571,,,,,
Tracee_Ellis_Ross_,908,0,0,0,,,,
Charlotte_Rampling_,909,0,0,0,,,,
Kent_Rominger_,910,1,0.0595238,0.0595238,,,,
Edwin_Edwards_,911,0,0,0,,,,
Tommy_Franks_,918,4,0.238095,0.238095,,,,
John_F_Kennedy_Jr_,920,0,0,0,,,,
Eve_Pelletier_,924,3,0.178571,0.178571,,,,
Takashi_Sorimachi_,924,0,0,,,,,
Larry_Coker_,925,0,0,0,,,,
Prince_Edward_,926,2,0.119048,0.119048,,,,
Jason_Jennings_,927,1,0.0595238,0.0595238,,,,
Ahmet_Necdet_Sezer_,928,0,0,0.1190476,,,,
Alastair_Campbell_,928,1,0.0595238,,,,,
Juanes_,928,1,0.0595238,,,,,
Sue_Wicks_,928,0,0,,,,,
Jay_Garner_,929,0,0,0,,,,
Daisy_Fuentes_,933,0,0,0,,,,
Johnson_Panjaitan_,933,0,0,,,,,
Julianna_Margulies_,935,2,0.119048,0.119048,,,,
William_Rehnquist_,936,0,0,0,,,,
Clara_Harris_,938,1,0.0595238,0.0595238,,,,
Kemal_Dervis_,938,0,0,,,,,
Gunter_Pleuger_,939,0,0,0.119048,,,,
Kim_Ryong-sung_,939,2,0.119048,,,,,
Jesse_Harris_,943,1,0.0595238,0.1785718,,,,
Robert_Zoellick_,943,2,0.119048,,,,,
Lenny_Wilkens_,945,1,0.0595238,0.0595238,,,,
Rick_Stansbury_,946,0,0,0,,,,
Monica_Lewinsky_,947,1,0.0595238,0.0595238,,,,
Phil_Mickelson_,948,2,0.119048,0.119048,,,,
Rainer_Schuettler_,951,0,0,0,,,,
Masahiko_Nagasawa_,953,1,0.0595238,0.0595238,,,,
Jeremy_Greenstock_,954,0,0,0,,,,
Alicia_Silverstone_,956,0,0,0.1785718,,,,
Arminio_Fraga_,956,1,0.0595238,,,,,
Cruz_Bustamante_,956,2,0.119048,,,,,
Joseph_Biden_,957,2,0.119048,0.1785718,,,,
Scott_McNealy_,957,1,0.0595238,,,,,
Cesar_Gaviria_,958,0,0,0,,,,
Lisa_Gottsegen_,959,1,0.0595238,0.0595238,,,,
Yao_Ming_,961,2,0.119048,0.119048,,,,
Jennifer_Garner_,962,0,0,0,,,,
John_Stockton_,962,0,0,,,,,
Pierce_Brosnan_,962,0,0,,,,,
Felipe_Perez_Roque_,963,0,0,0,,,,
Len_Jenoff_,963,0,0,,,,,
Vladimiro_Montesinos_,964,2,0.119048,0.119048,,,,
Markus_Naslund_,967,1,0.0595238,0.0595238,,,,
Alejandro_Toledo_,969,1,0.0595238,0.1190476,,,,
Rich_Gannon_,969,1,0.0595238,,,,,
Steve_Park_,970,1,0.0595238,0.0595238,,,,
Gary_Winnick_,971,0,0,0,,,,
Trent_Lott_,973,0,0,0,,,,
Queen_Elizabeth_II_,974,0,0,0,,,,
Andy_Roddick_,975,1,0.0595238,0.1190476,,,,
Naoto_Kan_,975,1,0.0595238,,,,,
Bo_Ryan_,976,2,0.119048,0.119048,,,,
Penelope_Ann_Miller_,978,0,0,0,,,,
Elizabeth_Dole_,980,1,0.0595238,0.0595238,,,,
Iban_Mayo_,981,1,0.0595238,0.0595238,,,,
Jacques_Rogge_,982,0,0,0,,,,
Mikhail_Gorbachev_,982,0,0,,,,,
Brian_Wells_,983,0,0,0.119048,,,,
Paradorn_Srichaphan_,983,2,0.119048,,,,,
Brad_Garrett_,985,1,0.0595238,0.0595238,,,,
Michelle_Pfeiffer_,986,1,0.0595238,0.0595238,,,,
Fidel_Castro_,988,1,0.0595238,0.0595238,,,,
John_Cusack_,989,1,0.0595238,0.0595238,,,,
Jeff_Van_Gundy_,990,0,0,0.178571,,,,
Roy_Moore_,990,3,0.178571,,,,,
Richard_Norton-Taylor_,991,3,0.178571,0.178571,,,,
Allison_Janney_,992,1,0.0595238,0.0595238,,,,
Tariq_Aziz_,992,0,0,,,,,
Sharon_Osbourne_,995,0,0,0,,,,
Isabelle_Huppert_,996,1,0.0595238,0.0595238,,,,
Mark_Hurlbert_,997,1,0.0595238,0.0595238,,,,
Petro_Symonenko_,997,0,0,,,,,
Barry_Alvarez_,998,1,0.0595238,0.0595238,,,,
Rosemarie_Stack_,999,0,0,0,,,,
Terry_McAuliffe_,999,0,0,,,,,
Ellen_Engleman_,1000,0,0,0,,,,
Dennis_Erickson_,1002,0,0,0.0595238,,,,
Pat_Burns_,1002,1,0.0595238,,,,,
Uma_Thurman_,1006,0,0,0,,,,
Mohamed_Benaissa_,1007,0,0,0.0595238,,,,
Xanana_Gusmao_,1007,1,0.0595238,,,,,
Hichiro_Naemura_,1009,4,0.238095,0.238095,,,,
Mikhail_Youzhny_,1011,1,0.0595238,0.0595238,,,,
Andrei_Mikhnevich_,1014,1,0.0595238,0.0595238,,,,
Omar_Sharif_,1015,0,0,0,,,,
Kjell_Magne_Bondevik_,1017,1,0.0595238,0.0595238,,,,
Howard_Smith_,1021,1,0.0595238,0.0595238,,,,
John_Negroponte_,1021,0,0,,,,,
Rodrigo_Borja_,1022,1,0.0595238,0.2380956,,,,
Ron_Dittemore_,1022,1,0.0595238,,,,,
Warren_Beatty_,1022,2,0.119048,,,,,
Edward_Said_,1024,0,0,0,,,,
Mike_Babcock_,1024,0,0,,,,,
Aron_Ralston_,1025,1,0.0595238,0.2380956,,,,
Carlos_Ruiz_,1025,1,0.0595238,,,,,
Jean-Pierre_Raffarin_,1025,0,0,,,,,
Ray_Romano_,1025,2,0.119048,,,,,
David_Myers_,1027,0,0,0,,,,
Herb_Sendek_,1028,1,0.0595238,0.0595238,,,,
Doug_Collins_,1031,0,0,0.119048,,,,
Petria_Thomas_,1031,2,0.119048,,,,,
Arsinee_Khanjian_,1032,0,0,0,,,,
Grant_Hackett_,1033,0,0,0,,,,
Farouk_al-Sharaa_,1035,2,0.119048,0.119048,,,,
Goran_Persson_,1036,0,0,0.0595238,,,,
Hilary_Duff_,1036,1,0.0595238,,,,,
Victoria_Beckham_,1037,4,0.238095,0.238095,,,,
Matt_Dillon_,1040,1,0.0595238,0.0595238,,,,
Bo_Pelini_,1041,0,0,0,,,,
Marat_Safin_,1041,0,0,,,,,
Mark_Warner_,1043,2,0.119048,0.119048,,,,
David_Caraway_,1044,2,0.119048,0.119048,,,,
Michael_Ballack_,1045,1,0.0595238,0.1785718,,,,
Muhammad_Saeed_al-Sahhaf_,1045,2,0.119048,,,,,
Corinne_Coman_,1046,1,0.0595238,0.1785718,,,,
Nicolas_Cage_,1046,2,0.119048,,,,,
John_Snow_,1047,2,0.119048,0.119048,,,,
George_Brumley_,1048,0,0,0.0595238,,,,
Mick_Jagger_,1048,1,0.0595238,,,,,
Leslie_Caldwell_,1050,2,0.119048,0.119048,,,,
Natalie_Maines_,1054,1,0.0595238,0.0595238,,,,
Laila_Ali_,1055,1,0.0595238,0.1785718,,,,
Robert_Redford_,1055,2,0.119048,,,,,
Jan-Michael_Gambill_,1056,0,0,0,,,,
Lynne_Cheney_,1057,0,0,0,,,,
Mark_Cuban_,1058,3,0.178571,0.178571,,,,
Annette_Bening_,1059,0,0,0,,,,
Georgi_Parvanov_,1060,1,0.0595238,0.1190476,,,,
Lesley_McCulloch_,1060,1,0.0595238,,,,,
Gary_Carter_,1062,0,0,0.178571,,,,
Lino_Oviedo_,1062,3,0.178571,,,,,
Queen_Latifah_,1064,1,0.0595238,0.0595238,,,,
Erik_Morales_,1065,1,0.0595238,0.1785718,,,,
Heizo_Takenaka_,1065,2,0.119048,,,,,
John_Paul_II_,1069,2,0.119048,0.119048,,,,
Heinz_Feldmann_,1070,2,0.119048,0.1785718,,,,
Jay_Rasulo_,1070,1,0.0595238,,,,,
Joseph_Estrada_,1072,0,0,0,,,,
Paul_William_Hurley_,1072,0,0,,,,,
Arnold_Palmer_,1073,0,0,0.1785718,,,,
Lloyd_Ward_,1073,2,0.119048,,,,,
Scott_McClellan_,1073,1,0.0595238,,,,,
Luiz_Inacio_Lula_da_Silva_,1075,0,0,0,,,,
Kevin_Costner_,1077,1,0.0595238,0.0595238,,,,
Sally_Kirkland_,1080,1,0.0595238,0.0595238,,,,
Paul_Byrd_,1081,2,0.119048,0.119048,,,,
Mikulas_Dzurinda_,1082,0,0,0,,,,
Richard_Haass_,1083,1,0.0595238,0.0595238,,,,
Erika_Harold_,1086,1,0.0595238,0.0595238,,,,
Arlen_Specter_,1087,0,0,0,,,,
Patrick_Stewart_,1088,0,0,0,,,,
Liam_Neeson_,1089,1,0.0595238,0.0595238,,,,
Michelle_Kwan_,1090,1,0.0595238,0.0595238,,,,
Catherine_Deneuve_,1092,1,0.0595238,0.0595238,,,,
Art_Howe_,1093,4,0.238095,0.4761898,,,,
Miyako_Miyazaki_,1093,1,0.0595238,,,,,
Nancy_Pelosi_,1093,3,0.178571,,,,,
Cesar_Maia_,1095,0,0,0.0595238,,,,
Fran_Drescher_,1095,1,0.0595238,,,,,
Hannah_Stockbauer_,1095,0,0,,,,,
Kenneth_Bowersox_,1095,0,0,,,,,
Luis_Gonzalez_Macchi_,1096,0,0,0,,,,
Jim_Harrick_,1097,0,0,0,,,,
Ai_Sugiyama_,1099,1,0.0595238,0.0595238,,,,
Hector_Babenco_,1099,0,0,,,,,
Michelle_Rodriguez_,1099,0,0,,,,,
John_Banko_,1103,1,0.0595238,0.0595238,,,,
Ashton_Kutcher_,1108,1,0.0595238,0.0595238,,,,
Diana_Krall_,1109,2,0.119048,0.1785718,,,,
Hisao_Oguchi_,1109,1,0.0595238,,,,,
Aung_San_Suu_Kyi_,1111,0,0,0.0595238,,,,
Cindy_Crawford_,1111,1,0.0595238,,,,,
Blythe_Danner_,1112,0,0,0.238095,,,,
Steve_Nash_,1112,4,0.238095,,,,,
Kurt_Warner_,1113,1,0.0595238,0.0595238,,,,
Mohamed_ElBaradei_,1113,0,0,,,,,
Jose_Dirceu_,1114,1,0.0595238,0.1190476,,,,
Richard_Butler_,1114,1,0.0595238,,,,,
Robbie_Fowler_,1115,2,0.119048,0.119048,,,,
Adolfo_Aguilar_Zinser_,1116,2,0.119048,0.119048,,,,
Antony_Leung_,1118,2,0.119048,0.119048,,,,
Sergey_Lavrov_,1119,4,0.238095,0.238095,,,,
Flavia_Delaroli_,1120,0,0,0.0595238,,,,
Hideki_Matsui_,1120,1,0.0595238,,,,,
Richard_Sambrook_,1121,0,0,0.178571,,,,
Robin_Cook_,1121,3,0.178571,,,,,
David_Kelley_,1122,1,0.0595238,0.0595238,,,,
Sonia_Gandhi_,1123,0,0,0,,,,
Abel_Pacheco_,1125,2,0.119048,0.119048,,,,
Charles_Schumer_,1126,1,0.0595238,0.1190476,,,,
Cyndi_Thompson_,1126,1,0.0595238,,,,,
Bobby_Goldwater_,1127,0,0,0,,,,
Angelo_Reyes_,1128,0,0,0,,,,
Placido_Domingo_,1129,0,0,0,,,,
David_Nalbandian_,1130,0,0,0,,,,
Jean-Claude_Juncker_,1130,0,0,,,,,
Jose_Mourinho_,1130,0,0,,,,,
Patti_Labelle_,1131,0,0,0,,,,
Carlos_Ortega_,1132,2,0.119048,0.119048,,,,
Rogerio_Romero_,1133,0,0,0,,,,
Donald_Pettit_,1136,1,0.0595238,0.0595238,,,,
Xavier_Malisse_,1137,2,0.119048,0.119048,,,,
Alec_Baldwin_,1138,2,0.119048,0.119048,,,,
Magui_Serna_,1138,0,0,,,,,
Thomas_Rupprath_,1140,3,0.178571,0.178571,,,,
Jane_Fonda_,1141,2,0.119048,0.1785718,,,,
Kim_Jin-sun_,1141,1,0.0595238,,,,,
Judy_Genshaft_,1146,2,0.119048,0.119048,,,,
Bill_Parcells_,1147,3,0.178571,0.2380948,,,,
Jason_Lezak_,1147,1,0.0595238,,,,,
Will_Smith_,1148,2,0.119048,0.119048,,,,
Al_Pacino_,1154,1,0.0595238,0.0595238,,,,
Darren_Clarke_,1156,3,0.178571,0.178571,,,,
Anthony_Hopkins_,1158,2,0.119048,0.119048,,,,
OJ_Simpson_,1159,2,0.119048,0.119048,,,,
Frank_Griswold_,1160,0,0,0.0595238,,,,
Garry_Trudeau_,1160,1,0.0595238,,,,,
Ernie_Fletcher_,1161,3,0.178571,0.297619,,,,
Jorge_Arce_,1161,2,0.119048,,,,,
Carmen_Electra_,1163,2,0.119048,0.297619,,,,
Rob_Lowe_,1163,3,0.178571,,,,,
Hashim_Thaci_,1164,0,0,0,,,,
Jean_Brumley_,1167,1,0.0595238,0.0595238,,,,
Martha_Bowen_,1167,0,0,,,,,
Elizabeth_Hurley_,1169,0,0,0,,,,
Gao_Qiang_,1170,2,0.119048,0.238096,,,,
Tom_Crean_,1170,2,0.119048,,,,,
Vicente_Fernandez_,1171,0,0,0,,,,
Gian_Marco_,1172,1,0.0595238,0.0595238,,,,
Mike_Weir_,1174,1,0.0595238,0.0595238,,,,
Philippe_Noiret_,1179,0,0,0,,,,
Bill_Paxton_,1180,2,0.119048,0.1785718,,,,
Inocencio_Arias_,1180,1,0.0595238,,,,,
Manfred_Stolpe_,1181,1,0.0595238,0.0595238,,,,
Laura_Hernandez_,1182,2,0.119048,0.119048,,,,
Evander_Holyfield_,1185,1,0.0595238,0.1190476,,,,
Sean_OKeefe_,1185,1,0.0595238,,,,,
Jay_Leno_,1186,3,0.178571,0.178571,,,,
Dennis_Hastert_,1187,0,0,0,,,,
Rick_Dinse_,1189,0,0,0,,,,
Munir_Akram_,1190,0,0,0,,,,
Vidar_Helgesen_,1190,0,0,,,,,
Mike_Scioscia_,1193,1,0.0595238,0.1190476,,,,
Terje_Roed-Larsen_,1193,1,0.0595238,,,,,
Oprah_Winfrey_,1194,0,0,0.178571,,,,
Parris_Glendening_,1194,3,0.178571,,,,,
Aleksander_Kwasniewski_,1195,1,0.0595238,0.1785718,,,,
Ali_Khamenei_,1195,2,0.119048,,,,,
Rick_Santorum_,1195,0,0,,,,,
Martha_Lucia_Ramirez_,1196,0,0,0,,,,
Augustin_Calleri_,1197,0,0,0,,,,
Yashwant_Sinha_,1198,1,0.0595238,0.0595238,,,,
Jorge_Batlle_,1199,0,0,0,,,,
Sergio_Garcia_,1200,0,0,0,,,,
Jack_Nicholson_,1202,2,0.119048,0.119048,,,,
Ismail_Merchant_,1203,0,0,0.178571,,,,
Michael_Leavitt_,1203,3,0.178571,,,,,
Bill_Clinton_,1204,0,0,0,,,,
Padraig_Harrington_,1205,1,0.0595238,0.2380948,,,,
Ralf_Schumacher_,1205,3,0.178571,,,,,
Sam_Mendes_,1206,1,0.0595238,0.0595238,,,,
Jose_Maria_Aznar_,1208,1,0.0595238,0.0595238,,,,
Abdullah_,1210,0,0,0.297619,,,,
Lennox_Lewis_,1210,2,0.119048,,,,,
Paul_Gascoigne_,1210,3,0.178571,,,,,
Christopher_Patten_,1212,3,0.178571,0.178571,,,,
Al_Gore_,1214,0,0,0.178571,,,,
Geraldine_Chaplin_,1214,3,0.178571,,,,,
Donna_Shalala_,1215,0,0,0.0595238,,,,
Johnny_Depp_,1215,1,0.0595238,,,,,
Lance_Armstrong_,1218,0,0,0,,,,
Kosuke_Kitajima_,1221,1,0.0595238,0.1785718,,,,
Theresa_May_,1221,2,0.119048,,,,,
Caroline_Kennedy_,1223,1,0.0595238,0.0595238,,,,
Denzel_Washington_,1225,0,0,0,,,,
Paul-Henri_Mathieu_,1226,1,0.0595238,0.0595238,,,,
Alan_Greenspan_,1229,0,0,0,,,,
Patrick_McEnroe_,1230,0,0,0,,,,
Cindy_Margolis_,1231,0,0,0,,,,
John_McEnroe_,1232,3,0.178571,0.178571,,,,
Luis_Ernesto_Derbez_Bautista_,1232,0,0,,,,,
Charlton_Heston_,1233,1,0.0595238,0.0595238,,,,
Flor_Montulo_,1235,1,0.0595238,0.0595238,,,,
Marcelo_Salas_,1236,1,0.0595238,0.0595238,,,,
Tom_Hanks_,1238,0,0,0,,,,
Ruth_Harlow_,1239,0,0,0,,,,
Martina_McBride_,1241,4,0.238095,0.238095,,,,
Tony_Shalhoub_,1241,0,0,,,,,
Gerry_Adams_,1242,0,0,0,,,,
Don_Siegelman_,1245,1,0.0595238,0.0595238,,,,
Jeong_Se-hyun_,1245,0,0,,,,,
Wang_Yi_,1249,4,0.238095,0.238095,,,,
Christian_Longo_,1250,2,0.119048,0.119048,,,,
Charles_Grassley_,1251,1,0.0595238,0.0595238,,,,
Phil_Gramm_,1252,1,0.0595238,0.0595238,,,,
Vladimir_Putin_,1252,0,0,,,,,
Gwendal_Peizerat_,1253,1,0.0595238,0.0595238,,,,
Amanda_Coetzer_,1254,1,0.0595238,0.0595238,,,,
Paul_Burrell_,1254,0,0,,,,,
Colin_Montgomerie_,1255,0,0,0,,,,
Li_Peng_,1256,0,0,0.2976186,,,,
Mike_Price_,1256,1,0.0595238,,,,,
Nicholas_Tse_,1256,3,0.178571,,,,,
Princess_Masako_,1256,1,0.0595238,,,,,
Jim_Edmonds_,1257,1,0.0595238,0.2380948,,,,
Mike_Krzyzewski_,1257,3,0.178571,,,,,
Jean-David_Levitte_,1259,1,0.0595238,0.1190476,,,,
Yoko_Ono_,1259,1,0.0595238,,,,,
Roger_Federer_,1260,1,0.0595238,0.0595238,,,,
John_Howard_,1261,2,0.119048,0.119048,,,,
Janet_Napolitano_,1263,0,0,0,,,,
David_Bell_,1267,1,0.0595238,0.1190476,,,,
David_Leahy_,1267,1,0.0595238,,,,,
Silvio_Berlusconi_,1267,0,0,,,,,
Chick_Hearn_,1268,2,0.119048,0.119048,,,,
Martin_Cauchon_,1268,0,0,,,,,
Jiri_Novak_,1270,1,0.0595238,0.0595238,,,,
Lisa_Raymond_,1272,2,0.119048,0.238096,,,,
Rita_Grande_,1272,2,0.119048,,,,,
Bobby_Robson_,1273,0,0,0.1190476,,,,
Julie_Gerberding_,1273,1,0.0595238,,,,,
Monica_Seles_,1273,1,0.0595238,,,,,
Carolina_Kluft_,1274,0,0,0,,,,
Vaclav_Havel_,1274,0,0,,,,,
Alice_Fisher_,1275,0,0,0,,,,
Martha_Burk_,1276,1,0.0595238,0.0595238,,,,
Augusto_Pinochet_,1277,0,0,0,,,,
William_Burns_,1277,0,0,,,,,
Chan_Gailey_,1279,1,0.0595238,0.0595238,,,,
Phan_Van_Khai_,1282,1,0.0595238,0.0595238,,,,
Boris_Yeltsin_,1283,3,0.178571,0.178571,,,,
Sarah_Hughes_,1284,0,0,0,,,,
Manuel_Poggiali_,1285,2,0.119048,0.119048,,,,
Nora_Bendijo_,1287,0,0,0,,,,
Gary_Locke_,1288,1,0.0595238,0.0595238,,,,
Rob_Schneider_,1289,2,0.119048,0.119048,,,,
Allen_Iverson_,1290,3,0.178571,0.178571,,,,
Sebastien_Grosjean_,1291,1,0.0595238,0.0595238,,,,
Bertrand_Bonello_,1292,2,0.119048,0.119048,,,,
Eileen_Coparropa_,1292,0,0,,,,,
Stockard_Channing_,1293,1,0.0595238,0.0595238,,,,
James_Parker_,1295,1,0.0595238,0.1785718,,,,
Janica_Kostelic_,1295,2,0.119048,,,,,
Max_Mayfield_,1296,0,0,0,,,,
Hal_Gehman_,1298,0,0,0,,,,
Jesse_James_Leija_,1299,4,0.238095,0.2976188,,,,
Susan_Collins_,1299,1,0.0595238,,,,,
Monique_Garbrecht-Enfeldt_,1300,1,0.0595238,0.0595238,,,,
Candice_Bergen_,1301,0,0,0,,,,
Greg_Gilbert_,1302,1,0.0595238,0.0595238,,,,
Jeffrey_Scott_Postell_,1303,1,0.0595238,0.0595238,,,,
Joe_Mantello_,1304,0,0,0.119048,,,,
Wayne_Ferreira_,1304,2,0.119048,,,,,
Mary_Tyler_Moore_,1306,2,0.119048,0.1785718,,,,
Walter_Mondale_,1306,1,0.0595238,,,,,
Mike_Tyson_,1309,1,0.0595238,0.0595238,,,,
Paul_Shanley_,1310,0,0,0.0595238,,,,
Roy_Williams_,1310,1,0.0595238,,,,,
Jackie_Chan_,1311,2,0.119048,0.119048,,,,
Arianna_Huffington_,1312,5,0.297619,0.297619,,,,
Nicolas_Escude_,1313,0,0,0,,,,
Carolyn_Dawn_Johnson_,1314,0,0,0,,,,
Doug_Duncan_,1315,0,0,0.119048,,,,
John_Jumper_,1315,2,0.119048,,,,,
Robert_Torricelli_,1317,1,0.0595238,0.0595238,,,,
Branko_Crvenkovski_,1318,2,0.119048,0.119048,,,,
Demetrius_Ferraciu_,1319,0,0,0.0595238,,,,
Eva_Dimas_,1319,1,0.0595238,,,,,
Mark_Schweiker_,1320,2,0.119048,0.119048,,,,
Todd_Haynes_,1321,1,0.0595238,0.0595238,,,,
James_Traficant_,1322,5,0.297619,0.297619,,,,
Romano_Prodi_,1323,1,0.0595238,0.0595238,,,,
Nicholas_Byron_,1326,0,0,0,,,,
Kirk_Johnson_,1328,1,0.0595238,0.0595238,,,,
Carol_Moseley_Braun_,1329,3,0.178571,0.297619,,,,
Iain_Duncan_Smith_,1329,2,0.119048,,,,,
Harry_Kalas_,1330,2,0.119048,0.119048,,,,
Cecilia_Bolocco_,1331,0,0,0,,,,
Chuck_Yeager_,1332,1,0.0595238,0.1785718,,,,
Donald_Fehr_,1332,2,0.119048,,,,,
Miroljub_,1333,2,0.119048,0.119048,,,,
Joan_Laporta_,1334,0,0,0,,,,
Jacques_Chirac_,1335,0,0,0.0595238,,,,
Jeb_Bush_,1335,0,0,,,,,
Reggie_Miller_,1335,1,0.0595238,,,,,
Paul_Kagame_,1337,2,0.119048,0.119048,,,,
Carlos_Moya_,1339,1,0.0595238,0.0595238,,,,
Al_Sharpton_,1340,2,0.119048,0.119048,,,,
William_Donaldson_,1340,0,0,,,,,
Howard_Schultz_,1341,0,0,0,,,,
Derek_Lowe_,1344,1,0.0595238,0.1785718,,,,
Tim_Henman_,1344,2,0.119048,,,,,
Marlene_Weingartner_,1345,1,0.0595238,0.0595238,,,,
Mohammad_Khatami_,1346,0,0,0,,,,
Amelie_Mauresmo_,1347,3,0.178571,0.297619,,,,
Larry_Ellison_,1347,0,0,,,,,
Tom_Jones_,1347,2,0.119048,,,,,
Serena_Williams_,1349,0,0,0,,,,
Patrick_Leahy_,1350,0,0,0,,,,
Cameron_Diaz_,1351,1,0.0595238,0.1785718,,,,
Vin_Diesel_,1351,2,0.119048,,,,,
Hamid_Karzai_,1353,2,0.119048,0.119048,,,,
Arnold_Schwarzenegger_,1356,0,0,0,,,,
Kevin_Stallings_,1361,0,0,0,,,,
Ricky_Martin_,1363,0,0,0,,,,
Sheila_Wellstone_,1365,2,0.119048,0.119048,,,,
Coretta_Scott_King_,1367,2,0.119048,0.476191,,,,
Keanu_Reeves_,1367,2,0.119048,,,,,
Mark_Heller_,1367,4,0.238095,,,,,
Intisar_Ajouri_,1368,0,0,0,,,,
Anneli_Jaatteenmaki_,1370,0,0,0,,,,
Kieran_Prendergast_,1372,2,0.119048,0.119048,,,,
Binyamin_Ben-Eliezer_,1373,2,0.119048,0.1785718,,,,
Steve_Mariucci_,1373,1,0.0595238,,,,,
Azra_Akin_,1374,1,0.0595238,0.0595238,,,,
Lou_Piniella_,1375,1,0.0595238,0.0595238,,,,
Norman_Jewison_,1375,0,0,,,,,
Mario_Kreutzberger_,1376,0,0,0,,,,
Victoria_Clarke_,1378,4,0.238095,0.238095,,,,
Imad_Moustapha_,1379,3,0.178571,0.178571,,,,
Thomas_Malchow_,1381,0,0,0,,,,
Jon_Gruden_,1383,0,0,0,,,,
Luke_Walton_,1384,2,0.119048,0.119048,,,,
Prince_Willem-Alexander_,1384,0,0,,,,,
Franko_Simatovic_,1385,1,0.0595238,0.0595238,,,,
Matt_Doherty_,1386,1,0.0595238,0.0595238,,,,
Claire_Hentzen_,1387,0,0,0,,,,
Franco_Dragone_,1387,0,0,,,,,
George_Tenet_,1388,0,0,0,,,,
Tom_Reilly_,1391,1,0.0595238,0.0595238,,,,
Cathy_Freeman_,1393,1,0.0595238,0.0595238,,,,
Peter_Arnett_,1395,1,0.0595238,0.0595238,,,,
Joe_Nichols_,1397,1,0.0595238,0.0595238,,,,
Paul_Wolfowitz_,1398,2,0.119048,0.1785718,,,,
William_Hochul_,1398,1,0.0595238,,,,,
Greg_Rusedski_,1399,2,0.119048,0.119048,,,,
Scott_Peterson_,1401,1,0.0595238,0.0595238,,,,
Bob_Beauprez_,1402,0,0,0,,,,
Bob_Graham_,1403,0,0,0,,,,
Magdalena_Maleeva_,1405,2,0.119048,0.119048,,,,
Tony_Blair_,1405,0,0,,,,,
Jennifer_Lopez_,1406,5,0.297619,0.297619,,,,
Gerry_Parsky_,1408,4,0.238095,0.238095,,,,
Michael_Schumacher_,1408,0,0,,,,,
Noelle_Bush_,1409,0,0,0,,,,
Jada_Pinkett_Smith_,1410,0,0,0,,,,
Orrin_Hatch_,1411,1,0.0595238,0.0595238,,,,
Miguel_Contreras_,1412,1,0.0595238,0.0595238,,,,
Bijan_Darvish_,1413,2,0.119048,0.119048,,,,
Luiz_Felipe_Scolari_,1414,2,0.119048,0.238096,,,,
Peter_Harrison_,1414,2,0.119048,,,,,
Tom_Coverdale_,1416,0,0,0,,,,
Adel_Al-Jubeir_,1417,1,0.0595238,0.4761906,,,,
Jelena_Dokic_,1417,6,0.357143,,,,,
Toni_Braxton_,1417,1,0.0595238,,,,,
Rio_Ferdinand_,1423,1,0.0595238,0.0595238,,,,
Erin_Runnion_,1424,0,0,0.178571,,,,
Jose_Serra_,1424,3,0.178571,,,,,
Gilberto_Rodriguez_Orejuela_,1426,2,0.119048,0.119048,,,,
Marcelo_Rios_,1426,0,0,,,,,
Benjamin_Netanyahu_,1427,1,0.0595238,0.0595238,,,,
Larry_Brown_,1428,0,0,0,,,,
John_Rosa_,1429,3,0.178571,0.178571,,,,
Carlos_Bianchi_,1431,1,0.0595238,0.0595238,,,,
Daryl_Hannah_,1435,2,0.119048,0.119048,,,,
Fernando_Vargas_,1436,0,0,0.0595238,,,,
Prince_William_,1436,1,0.0595238,,,,,
Gregg_Popovich_,1437,0,0,0.178571,,,,
Samuel_Waksal_,1437,3,0.178571,,,,,
Russell_Coutts_,1438,1,0.0595238,0.0595238,,,,
Larry_Bowa_,1439,1,0.0595238,0.1190476,,,,
Roseanne_Barr_,1439,1,0.0595238,,,,,
Torri_Edwards_,1440,0,0,0,,,,
Nasser_al-Kidwa_,1441,0,0,0,,,,
Jennifer_Aniston_,1444,2,0.119048,0.119048,,,,
Juan_Valencia_Osorio_,1446,1,0.0595238,0.0595238,,,,
Arturo_Gatti_,1447,2,0.119048,0.119048,,,,
Nick_Nolte_,1449,2,0.119048,0.238096,,,,
Woody_Allen_,1449,2,0.119048,,,,,
Begum_Khaleda_Zia_,1450,1,0.0595238,0.1785718,,,,
Paul_Pierce_,1450,2,0.119048,,,,,
Phil_Vassar_,1451,0,0,0,,,,
Carl_Reiner_,1452,1,0.0595238,0.0595238,,,,
Hayley_Tullett_,1452,0,0,,,,,
Sepp_Blatter_,1453,2,0.119048,0.119048,,,,
Bijan_Namdar_Zangeneh_,1454,2,0.119048,0.119048,,,,
Dolly_Parton_,1455,1,0.0595238,0.2380948,,,,
Fred_Funk_,1455,0,0,,,,,
Susie_Castillo_,1455,3,0.178571,,,,,
James_Cameron_,1457,1,0.0595238,0.0595238,,,,
Mark_Philippoussis_,1460,2,0.119048,0.119048,,,,
Aicha_El_Ouafi_,1461,1,0.0595238,0.0595238,,,,
Steve_Spurrier_,1462,4,0.238095,0.238095,,,,
Bob_Dole_,1463,1,0.0595238,0.0595238,,,,
Vivica_Fox_,1465,3,0.178571,0.178571,,,,
Robby_Ginepri_,1467,0,0,0,,,,
Melanie_Griffith_,1468,0,0,0.0595238,,,,
Tamara_Brooks_,1468,1,0.0595238,,,,,
Angela_Bassett_,1469,2,0.119048,0.238096,,,,
Tyron_Garner_,1469,2,0.119048,,,,,
Joseph_Deiss_,1470,0,0,0,,,,
Moshe_Katsav_,1471,6,0.357143,0.357143,,,,
Gregory_Hines_,1472,3,0.178571,0.178571,,,,
Enrique_Bolanos_,1473,2,0.119048,0.297619,,,,
Felix_Mantilla_,1473,3,0.178571,,,,,
Fabrice_Santoro_,1475,1,0.0595238,0.1190476,,,,
George_Voinovich_,1475,0,0,,,,,
Lawrence_MacAulay_,1475,1,0.0595238,,,,,
Donatella_Versace_,1476,1,0.0595238,0.0595238,,,,
Chanda_Rubin_,1477,0,0,0.0595238,,,,
Paul_Hogan_,1477,1,0.0595238,,,,,
Benazir_Bhutto_,1482,2,0.119048,0.119048,,,,
Hee-Won_Han_,1483,3,0.178571,0.178571,,,,
Anwar_Ibrahim_,1484,0,0,0.178571,,,,
Carolina_Moraes_,1484,3,0.178571,,,,,
Vladimir_Voltchkov_,1487,1,0.0595238,0.0595238,,,,
Blythe_Hartley_,1488,2,0.119048,0.119048,,,,
Lon_Kruger_,1488,0,0,,,,,
Jonathan_Edwards_,1490,2,0.119048,0.2380956,,,,
Tiger_Woods_,1490,1,0.0595238,,,,,
Tim_Chapman_,1490,1,0.0595238,,,,,
Laurent_Gbagbo_,1491,0,0,0,,,,
Charlie_Zaa_,1492,1,0.0595238,0.2976186,,,,
Chris_Rock_,1492,3,0.178571,,,,,
Martin_Verkerk_,1492,1,0.0595238,,,,,
Dai_Bachtiar_,1493,0,0,0.1785718,,,,
Hassan_Nasrallah_,1493,1,0.0595238,,,,,
Yevgeny_Kafelnikov_,1493,2,0.119048,,,,,
Juan_Carlos_Ferrero_,1494,1,0.0595238,0.1190476,,,,
Kelvin_Sampson_,1494,1,0.0595238,,,,,
Naomi_Campbell_,1495,1,0.0595238,0.0595238,,,,
Lucio_Gutierrez_,1499,0,0,0.0595238,,,,
Mohammed_Al-Douri_,1499,1,0.0595238,,,,,
Elsa_Zylberstein_,1502,1,0.0595238,0.0595238,,,,
Mike_Myers_,1503,3,0.178571,0.178571,,,,
Brian_Griese_,1504,1,0.0595238,0.1785718,,,,
Kirk_Ferentz_,1504,2,0.119048,,,,,
Pete_Sampras_,1505,1,0.0595238,0.0595238,,,,
Tracy_McGrady_,1506,0,0,0,,,,
Ronald_Reagan_,1507,2,0.119048,0.119048,,,,
Atal_Bihari_Vajpayee_,1508,0,0,0.178571,,,,
Richard_Gephardt_,1508,3,0.178571,,,,,
Michelle_Collins_,1509,1,0.0595238,0.0595238,,,,
Jim_Furyk_,1510,0,0,0.0595238,,,,
Mireya_Moscoso_,1510,1,0.0595238,,,,,
Dan_Wheldon_,1511,1,0.0595238,0.2976188,,,,
Michael_Jordan_,1511,4,0.238095,,,,,
Oscar_Elias_Biscet_,1512,3,0.178571,0.178571,,,,
Mark_Richt_,1514,2,0.119048,0.119048,,,,
Dexter_Jackson_,1515,6,0.357143,0.357143,,,,
Alexandra_Vodjanikova_,1516,1,0.0595238,0.0595238,,,,
Iva_Majoli_,1517,3,0.178571,0.178571,,,,
David_Anderson_,1518,0,0,0,,,,
Makhdoom_Amin_Fahim_,1519,1,0.0595238,0.0595238,,,,
Roger_Clemens_,1520,0,0,0,,,,
Wesley_Clark_,1520,0,0,,,,,
Fabiola_Zuluaga_,1521,1,0.0595238,0.1785718,,,,
Yasar_Yakis_,1521,2,0.119048,,,,,
James_McGreevey_,1522,2,0.119048,0.119048,,,,
Susilo_Bambang_Yudhoyono_,1523,2,0.119048,0.119048,,,,
Gary_Doer_,1525,0,0,0,,,,
Juan_Ignacio_Chela_,1526,2,0.119048,0.1785718,,,,
Karin_Stoiber_,1526,1,0.0595238,,,,,
Arnoldo_Aleman_,1527,1,0.0595238,0.0595238,,,,
Princess_Caroline_,1528,2,0.119048,0.119048,,,,
Habib_Rizieq_,1529,1,0.0595238,0.1190476,,,,
Nanni_Moretti_,1529,1,0.0595238,,,,,
Anastasia_Myskina_,1530,1,0.0595238,0.1190476,,,,
Nicolas_Lapentti_,1530,1,0.0595238,,,,,
JJ_Redick_,1531,1,0.0595238,0.0595238,,,,
Jefferson_Perez_,1533,3,0.178571,0.178571,,,,
Mario_Cipollini_,1534,3,0.178571,0.178571,,,,
Jo_Dee_Messina_,1536,3,0.178571,0.178571,,,,
Fernando_Gonzalez_,1537,1,0.0595238,0.0595238,,,,
Bill_Nelson_,1539,2,0.119048,0.2380956,,,,
Diana_Taurasi_,1539,1,0.0595238,,,,,
Tim_Duncan_,1539,1,0.0595238,,,,,
Franz_Beckenbauer_,1540,0,0,0,,,,
Jon_Corzine_,1540,0,0,,,,,
Morgan_Freeman_,1541,2,0.119048,0.119048,,,,
Matthew_Broderick_,1543,1,0.0595238,0.0595238,,,,
Meghann_Shaughnessy_,1546,0,0,0,,,,
Eric_Hinske_,1547,1,0.0595238,0.0595238,,,,
Shane_Warne_,1548,3,0.178571,0.178571,,,,
Roy_Jones_Jr_,1549,0,0,0,,,,
Bruce_Van_De_Velde_,1550,0,0,0,,,,
Tubby_Smith_,1550,0,0,,,,,
Kifah_Ajouri_,1551,2,0.119048,0.357143,,,,
Rubens_Barrichello_,1551,4,0.238095,,,,,
Jose_Viegas_Filho_,1552,0,0,0,,,,
Pat_Cox_,1552,0,0,,,,,
Gerardo_Gambala_,1554,1,0.0595238,0.0595238,,,,
Antonio_Banderas_,1558,1,0.0595238,0.1785714,,,,
Jim_OBrien_,1558,1,0.0595238,,,,,
Lindsay_Davenport_,1558,1,0.0595238,,,,,
Yossi_Beilin_,1560,1,0.0595238,0.0595238,,,,
Lionel_Richie_,1561,3,0.178571,0.178571,,,,
Dominique_de_Villepin_,1562,2,0.119048,0.357143,,,,
Ricardo_Sanchez_,1562,4,0.238095,,,,,
Michael_Keaton_,1564,0,0,0,,,,
Beth_Jones_,1566,1,0.0595238,0.0595238,,,,
Ray_Allen_,1566,0,0,,,,,
Theo_Epstein_,1568,1,0.0595238,0.0595238,,,,
Luis_Horna_,1569,0,0,0,,,,
Russell_Simmons_,1570,0,0,0.178571,,,,
Thabo_Mbeki_,1570,3,0.178571,,,,,
Jeffrey_Immelt_,1571,2,0.119048,0.297619,,,,
Paul_Bremer_,1571,3,0.178571,,,,,
Richard_Krajicek_,1572,1,0.0595238,0.0595238,,,,
Boris_Becker_,1573,0,0,0,,,,
Lleyton_Hewitt_,1574,3,0.178571,0.178571,,,,
Carlos_Quintanilla_Schmidt_,1575,2,0.119048,0.1785718,,,,
Lee_Soo-hyuck_,1575,1,0.0595238,,,,,
Leonard_Hamilton_,1576,1,0.0595238,0.0595238,,,,
Roberto_Carlos_,1577,0,0,0,,,,
Oswaldo_Paya_,1578,2,0.119048,0.119048,,,,
Hipolito_Mejia_,1579,1,0.0595238,0.0595238,,,,
Alexandra_Stevenson_,1580,1,0.0595238,0.0595238,,,,
John_Rigas_,1580,0,0,,,,,
Adam_Scott_,1581,0,0,0.119048,,,,
Alejandro_Avila_,1581,2,0.119048,,,,,
Christian_Fittipaldi_,1585,0,0,0,,,,
Andrew_Weissmann_,1586,0,0,0.0595238,,,,
Guillermo_Ortiz_,1586,1,0.0595238,,,,,
James_Gandolfini_,1587,1,0.0595238,0.0595238,,,,
Darrell_Porter_,1588,1,0.0595238,0.2380948,,,,
Norodom_Sihanouk_,1588,3,0.178571,,,,,
Vojislav_Kostunica_,1589,3,0.178571,0.178571,,,,
Tom_Harkin_,1590,1,0.0595238,0.0595238,,,,
Jane_Kaczmarek_,1592,3,0.178571,0.178571,,,,
Gabriel_Batistuta_,1593,6,0.357143,0.476191,,,,
Gisele_Bundchen_,1593,2,0.119048,,,,,
John_Stallworth_,1593,0,0,,,,,
Sharon_Stone_,1594,5,0.297619,0.297619,,,,
Anders_Ebbeson_,1596,4,0.238095,0.238095,,,,
Tyler_Hamilton_,1597,2,0.119048,0.119048,,,,
Fayssal_Mekdad_,1598,8,0.47619,0.47619,,,,
John_Brady_,1599,1,0.0595238,0.2976198,,,,
Mesut_Yilmaz_,1599,2,0.119048,,,,,
Robert_Mugabe_,1599,2,0.119048,,,,,
Abdullah_al-Attiyah_,1600,1,0.0595238,0.0595238,,,,
Paulo_Cesar_Pinheiro_,1600,0,0,,,,,
George_Papandreou_,1602,2,0.119048,0.416667,,,,
Juergen_Peters_,1602,3,0.178571,,,,,
Mike_Miller_,1602,2,0.119048,,,,,
Chris_Byrd_,1603,0,0,0,,,,
Harbhajan_Singh_,1605,0,0,0.238095,,,,
Juan_Pablo_Montoya_,1605,4,0.238095,,,,,
Candie_Kung_,1607,2,0.119048,0.119048,,,,
Leander_Paes_,1608,0,0,0.0595238,,,,
Ruben_Studdard_,1608,1,0.0595238,,,,,
Marwan_Barghouthi_,1609,2,0.119048,0.119048,,,,
Venus_Williams_,1609,0,0,,,,,
Constance_Marie_,1612,0,0,0,,,,
Mitoji_Yabunaka_,1613,0,0,0,,,,
Sammy_Sosa_,1614,4,0.238095,0.238095,,,,
Valentino_Rossi_,1615,3,0.178571,0.178571,,,,
Latrell_Sprewell_,1616,3,0.178571,0.297619,,,,
Vincent_Brooks_,1616,2,0.119048,,,,,
Grady_Irvin_Jr_,1617,1,0.0595238,0.0595238,,,,
Steffi_Graf_,1618,2,0.119048,0.119048,,,,
Kelli_White_,1620,2,0.119048,0.119048,,,,
Dwayne_Johnson_,1621,0,0,0,,,,
Emmit_Smith_,1622,3,0.178571,0.178571,,,,
Anna_Kournikova_,1623,6,0.357143,0.357143,,,,
Anders_Fogh_Rasmussen_,1624,2,0.119048,0.297619,,,,
Ricky_Ponting_,1624,3,0.178571,,,,,
S_Jayakumar_,1625,1,0.0595238,0.0595238,,,,
Carlo_Ancelotti_,1627,4,0.238095,0.238095,,,,
Martha_Beatriz_Roque_,1629,0,0,0,,,,
Javier_Weber_,1630,2,0.119048,0.297619,,,,
Laurent_Jalabert_,1630,3,0.178571,,,,,
Tung_Chee-hwa_,1630,0,0,,,,,
Stan_Heath_,1631,2,0.119048,0.119048,,,,
Albert_Costa_,1633,2,0.119048,0.119048,,,,
Fred_Thompson_,1634,1,0.0595238,0.1785718,,,,
George_Lopez_,1634,0,0,,,,,
Larry_Thompson_,1634,2,0.119048,,,,,
Denise_Johnson_,1635,0,0,0.0595238,,,,
Gil_de_Ferran_,1635,1,0.0595238,,,,,
Leland_Chapman_,1636,2,0.119048,0.119048,,,,
Charles_Moose_,1638,8,0.47619,0.47619,,,,
George_Foreman_,1638,0,0,,,,,
Bernardo_Segura_,1639,4,0.238095,0.595238,,,,
Kobe_Bryant_,1639,6,0.357143,,,,,
Thomas_Birmingham_,1639,0,0,,,,,
Lina_Krasnoroutskaya_,1640,3,0.178571,0.178571,,,,
Muammar_Gaddafi_,1641,6,0.357143,0.357143,,,,
Mian_Khursheed_Mehmood_Kasuri_,1643,4,0.238095,0.238095,,,,
Nadia_Petrova_,1645,9,0.535714,0.535714,,,,
LeBron_James_,1646,0,0,0,,,,
Steve_Backley_,1646,0,0,,,,,
George_Roy_Hill_,1647,0,0,0,,,,
Kurt_Busch_,1647,0,0,,,,,
Ari_Fleischer_,1648,3,0.178571,0.178571,,,,
Valery_Giscard_dEstaing_,1648,0,0,,,,,
Luis_Figo_,1649,2,0.119048,0.119048,,,,
Allyson_Felix_,1650,4,0.238095,0.357143,,,,
Dick_Vermeil_,1650,2,0.119048,,,,,
Francisco_Flores_,1651,0,0,0,,,,
Aitor_Gonzalez_,1652,10,0.595238,0.714286,,,,
Heidi_Fleiss_,1652,2,0.119048,,,,,
Sebastian_Saja_,1652,0,0,,,,,
Justin_Gatlin_,1653,3,0.178571,0.178571,,,,
Tyra_Banks_,1655,0,0,0,,,,
Harry_Belafonte_,1656,1,0.0595238,0.0595238,,,,
Charles_Taylor_,1657,1,0.0595238,0.5357138,,,,
Jong_Thae_Hwa_,1657,3,0.178571,,,,,
Kofi_Annan_,1657,2,0.119048,,,,,
Ricardo_Maduro_,1657,3,0.178571,,,,,
Filippo_Inzaghi_,1658,1,0.0595238,0.3571428,,,,
John_Allen_Muhammad_,1658,5,0.297619,,,,,
Abid_Hamid_Mahmud_Al-Tikriti_,1660,4,0.238095,0.238095,,,,
Byron_Scott_,1660,0,0,,,,,
Brendan_Hansen_,1661,0,0,0,,,,
Paul_Coppin_,1662,1,0.0595238,0.2976188,,,,
Tony_Parker_,1662,4,0.238095,,,,,
Ana_Guevara_,1663,0,0,0,,,,
Ciro_Gomes_,1664,2,0.119048,0.119048,,,,
Norah_Jones_,1665,0,0,0,,,,
Guillermo_Coria_,1667,4,0.238095,0.7142848,,,,
Keith_Bogans_,1667,3,0.178571,,,,,
Saeb_Erekat_,1667,1,0.0595238,,,,,
Shane_Mosley_,1667,4,0.238095,,,,,
Joe_Calzaghe_,1668,1,0.0595238,0.0595238,,,,
Silvio_Fernandez_,1669,7,0.416667,0.416667,,,,
Ranil_Wickremasinghe_,1670,7,0.416667,0.416667,,,,
Nelson_Mandela_,1671,5,0.297619,0.297619,,,,
Isaiah_Washington_,1672,19,1.13095,1.13095,,,,
Milo_Maestrecampo_,1673,7,0.416667,0.416667,,,,
Colin_Jackson_,1674,7,0.416667,0.714286,,,,
Patrick_Ewing_,1674,5,0.297619,,,,,
Arantxa_Sanchez-Vicario_,1675,5,0.297619,0.297619,,,,
Sourav_Ganguly_,1676,3,0.178571,0.535714,,,,
Terrell_Suggs_,1676,6,0.357143,,,,,
Joe_Dumars_,1677,3,0.178571,0.2976186,,,,
Ozzy_Osbourne_,1677,1,0.0595238,,,,,
Sam_Torrance_,1677,1,0.0595238,,,,,
Chris_Tucker_,1678,0,0,0,,,,
Eunice_Barber_,1679,2,0.119048,0.119048,,,,
Guillaume_Soro_,1679,0,0,,,,,
Osama_bin_Laden_,1679,0,0,,,,,
Abdoulaye_Wade_,1680,4,0.238095,0.2976188,,,,
Adrian_McPherson_,1680,1,0.0595238,,,,,
Chung_Mong-hun_,1680,0,0,,,,,
Jean_Chretien_,1680,0,0,,,,,
Richard_Virenque_,1680,0,0,,,,,
Saddam_Hussein_,1680,0,0,,,,,
